<?xml version="1.0" encoding="utf-8" standalone="yes" ?>
<?xml-stylesheet type="text/xsl" href="./modx.prosilver.en.xsl"?>
<!--For security purposes, please check: http://www.phpbb.com/mods/ for the latest version of this MOD. Although MODs are checked before being allowed in the MODs Database there is no guarantee that there are no security problems within the MOD. No support will be given for MODs not found within the MODs Database which can be found at http://www.phpbb.com/mods/-->
<mod xmlns:xsi="http://www.w3.org/2001/XMLSchema-instance" xmlns="http://www.phpbb.com/mods/xml/modx-1.2.3.xsd">
	<header>
		<license>http://opensource.org/licenses/gpl-license.php GNU General Public License v2</license>
		<title lang="en">Soft Delete 1.0.5/1.0.6 to 1.0.8 upgrade</title>
		<description lang="en"><![CDATA[Changes the current hard delete scheme to all soft deleting for posts and topics.
Also includes the option to undelete posts and topics after they have been soft deleted.
New permissions give the option to allow administrators and/or moderators to hard delete posts/topics after they have already been soft deleted.]]></description>
		<author-notes lang="en"><![CDATA[Please ask for support at my website if you need any: http://www.lithiumstudios.org.  Soft deleting of Private Messages is not included in this modification]]>.</author-notes>
		<author-group>
			<author>
				<realname>Nathan Guse</realname>
				<email>exreaction@lithiumstudios.org</email>
				<username>EXreaction</username>
				<homepage>http://www.lithiumstudios.org</homepage>
			</author>
		</author-group>
		<mod-version>1.0.8</mod-version>
		<installation>
			<level>intermediate</level>
			<time>900</time>
			<target-version>3.0.4</target-version>
		</installation>
		<link-group>
			<link type="parent" href="../install.xml" lang="en">Main installation instructions</link>
		</link-group>
	</header>
  <action-group>
    <copy>
      <file from="root/includes/mods/index.htm" to="includes/mods/index.htm" />
      <file from="root/includes/mods/soft_delete.php" to="includes/mods/soft_delete.php" />
      <file from="root/includes/mods/soft_delete_class.php" to="includes/mods/soft_delete_class.php" />
      <file from="root/language/en/mods/soft_delete.php" to="language/en/mods/soft_delete.php" />
      <file from="root/language/en/mods/info_mcp_soft_delete.php" to="language/en/mods/info_mcp_soft_delete.php" />
    </copy>
    <open src="language/en/posting.php">
      <edit>
        <find><![CDATA['DELETE_POST_WARN'			=> 'Once deleted the post cannot be recovered',]]></find>
        <inline-edit>
          <inline-find><![CDATA['Once deleted the post cannot be recovered']]></inline-find>
          <inline-action type="replace-with"><![CDATA['Selecting this option will bring you to the delete page.  No changes to the post will be saved.']]></inline-action>
        </inline-edit>
      </edit>
    </open>
    <open src="language/en/viewforum.php">
      <edit>
        <find><![CDATA['DELETED_POST_SHOW'				=> 'This post has been soft deleted.  Click here to show the post.',]]></find>
        <action type="after-add"><![CDATA[	'SOFT_DELETED'					=> 'Soft Deleted',]]></action>
      </edit>
    </open>
    <open src="styles/prosilver/template/mcp_forum.html">
      <edit>
        <find><![CDATA[<li class="row<!-- IF topicrow.S_ROW_COUNT is odd -->]]></find>
        <inline-edit>
          <inline-find><![CDATA[" <!-- IF topicrow.S_TOPIC_DELETED -->style="background-color: #33FF00;"<!-- ENDIF -->]]></inline-find>
          <inline-action type="replace-with"><![CDATA[<!-- IF topicrow.S_TOPIC_DELETED --> reported<!-- ENDIF -->"]]></inline-action>
        </inline-edit>
      </edit>
    </open>
    <open src="styles/prosilver/template/mcp_topic.html">
      <edit>
        <find><![CDATA[<div class="post <!-- IF postrow.S_ROW_COUNT is odd -->]]></find>
        <inline-edit>
          <inline-find><![CDATA[" <!-- IF postrow.S_POST_DELETED -->style="background-color: #33FF00;"<!-- ENDIF -->]]></inline-find>
          <inline-action type="replace-with"><![CDATA[<!-- IF postrow.S_POST_DELETED --> reported<!-- ENDIF -->"]]></inline-action>
        </inline-edit>
      </edit>
    </open>
    <open src="styles/prosilver/template/viewforum_body.html">
      <edit>
        <find><![CDATA[<li class="row]]></find>
        <inline-edit>
          <inline-find><![CDATA["<!-- IF topicrow.S_TOPIC_DELETED --> style="background-color: #33FF00;"<!-- ENDIF -->]]></inline-find>
          <inline-action type="replace-with"><![CDATA[<!-- IF topicrow.S_TOPIC_DELETED --> reported<!-- ENDIF -->"]]></inline-action>
        </inline-edit>
      </edit>
    </open>
    <open src="styles/prosilver/template/viewtopic_body.html">
      <edit>
        <find><![CDATA[	<!-- IF postrow.S_POST_DELETED-->
		<script type="text/javascript" src="{T_TEMPLATE_PATH}/mods/soft_delete.js"></script>
		<div id="d{postrow.POST_ID}" class="post" style="background-color: #33FF00;">
			<div class="inner"><span class="corners-top"><span></span></span>
				<div class="postbody" style="width: 100%;">
					<div style="text-align: center;">
						<a href="#none" onClick="toggleDiv('p{postrow.POST_ID}'); toggleDiv('d{postrow.POST_ID}');">{L_DELETED_POST_SHOW}</a>
						<noscript><br/>{L_POST_SHOW_NO_JS}</noscript>
					</div>
				</div>
			<div class="back2top"><a href="#wrap" class="top" title="{L_BACK_TO_TOP}">{L_BACK_TO_TOP}</a></div>
			<span class="corners-bottom"><span></span></span></div>
		</div>
	<!-- ENDIF -->]]></find>
		<action type="replace-with"></action>
	  </edit>
      <edit>
        <find><![CDATA[<div id="p{postrow.POST_ID}"]]></find>
        <inline-edit>
          <inline-find><![CDATA["<!-- IF postrow.S_POST_DELETED --> style="background-color: #33FF00; display: none;"<!-- ENDIF -->]]></inline-find>
          <inline-action type="replace-with"><![CDATA[<!-- IF postrow.S_POST_DELETED --> reported<!-- ENDIF -->"]]></inline-action>
        </inline-edit>
      </edit>
    </open>
    <open src="styles/subsilver2/template/mcp_forum.html">
      <edit>
        <find><![CDATA[{topicrow.TOPIC_TITLE}</a>]]></find>
        <inline-edit>
          <inline-find><![CDATA[{topicrow.TOPIC_TITLE}</a>]]></inline-find>
          <inline-action type="after-add"><![CDATA[<!-- IF topicrow.S_TOPIC_DELETED --> <b>[{L_SOFT_DELETED}]</b><!-- ENDIF -->]]></inline-action>
        </inline-edit>
      </edit>
    </open>
    <open src="styles/subsilver2/template/mcp_topic.html">
      <edit>
        <find><![CDATA[<!-- IF postrow.S_ROW_COUNT is even --><tr class="row1"><!-- ELSE --><tr class="row2"><!-- ENDIF -->]]></find>
        <action type="replace-with"><![CDATA[<!-- IF postrow.S_POST_DELETED --><tr class="forumrules"><!-- ELSE --><!-- IF postrow.S_ROW_COUNT is even --><tr class="row1"><!-- ELSE --><tr class="row2"><!-- ENDIF --><!-- ENDIF -->]]></action>
      </edit>
      <edit>
        <find><![CDATA[<!-- IF postrow.S_ROW_COUNT is even --><tr class="row1"><!-- ELSE --><tr class="row2"><!-- ENDIF -->]]></find>
        <action type="replace-with"><![CDATA[<!-- IF postrow.S_POST_DELETED --><tr class="forumrules"><!-- ELSE --><!-- IF postrow.S_ROW_COUNT is even --><tr class="row1"><!-- ELSE --><tr class="row2"><!-- ENDIF --><!-- ENDIF -->]]></action>
      </edit>
    </open>
    <open src="styles/subsilver2/template/viewforum_body.html">
      <edit>
        <find><![CDATA[{topicrow.TOPIC_TITLE}</a>]]></find>
        <inline-edit>
          <inline-find><![CDATA[{topicrow.TOPIC_TITLE}</a>]]></inline-find>
          <inline-action type="after-add"><![CDATA[<!-- IF topicrow.S_TOPIC_DELETED --> <b>[{L_SOFT_DELETED}]</b><!-- ENDIF -->]]></inline-action>
        </inline-edit>
      </edit>
      <edit>
        <find><![CDATA[{topicrow.TOPIC_TITLE}</a>]]></find>
        <inline-edit>
          <inline-find><![CDATA[{topicrow.TOPIC_TITLE}</a>]]></inline-find>
          <inline-action type="after-add"><![CDATA[<!-- IF topicrow.S_TOPIC_DELETED --> <b>[{L_SOFT_DELETED}]</b><!-- ENDIF -->]]></inline-action>
        </inline-edit>
      </edit>
    </open>
    <open src="styles/subsilver2/template/viewtopic_body.html">
	  <edit>
        <find><![CDATA[<!-- IF postrow.BUMPED_MESSAGE -->]]></find>
        <action type="before-add"><![CDATA[					<!-- IF postrow.S_POST_DELETED -->
						<br />_________________<br />
						<span class="gensmall">{postrow.DELETED_MESSAGE}</span>
					<!-- ENDIF -->]]></action>
      </edit>
    </open>
  </action-group>
</mod>