<?xml version="1.0" encoding="utf-8" standalone="yes" ?>
<?xml-stylesheet type="text/xsl" href="modx.prosilver.en.xsl"?>
<!--For security purposes, please check: http://www.phpbb.com/mods/ for the latest version of this MOD. Although MODs are checked before being allowed in the MODs Database there is no guarantee that there are no security problems within the MOD. No support will be given for MODs not found within the MODs Database which can be found at http://www.phpbb.com/mods/-->
<mod xmlns:xsi="http://www.w3.org/2001/XMLSchema-instance" xmlns="http://www.phpbb.com/mods/xml/modx-1.2.2.xsd">
<header>
	<license>http://opensource.org/licenses/gpl-license.php GNU General Public License v2</license>
	<title lang="en">Anti-Spam ACP Profile Switches [subsilver2]</title>
	<description lang="en">Adds switches to the profile page to hide the profile fields when they can not be filled out.

This should be installed if you plan on using the controls over Profile Field options, though it is not required.</description>

	<author-notes lang="en">PHP versions less than 5.1.0 are not supported.

Support by the author is only provided at http://www.lithiumstudios.org
A small fee is required for support by the author unless otherwise specified by the author in the release topic.
Bug reports are accepted and, if confirmed as a bug, you will receive support for fixing the bug for free by the mod author.</author-notes>

	<author-group>
		<author>
			<username>EXreaction</username>
			<realname>Nathan Guse</realname>
			<homepage>http://www.lithiumstudios.org/</homepage>
			<email>exreaction@lithiumstudios.org</email>
		</author>
	</author-group>

	<mod-version>0.9.1</mod-version>

	<installation>
		<level>intermediate</level>
		<time>600</time>
		<target-version>3.0.4</target-version>
	</installation>
</header>

<action-group>
	<open src="styles/subsilver2/template/ucp_profile_profile_info.html">
		<edit>
			<find><![CDATA[<tr> 
	<td class="row1" width="35%"><b class="genmed">{L_UCP_ICQ}: </b></td>
	<td class="row2"><input class="post" type="text" name="icq" size="30" maxlength="15" value="{ICQ}" /></td>
</tr>]]></find>
			<action type="before-add"><![CDATA[	<!-- IF not S_ICQ_DISABLED -->]]></action>
			<action type="after-add"><![CDATA[	<!-- ENDIF -->]]></action>
		</edit>
		<edit>
			<find><![CDATA[<td class="row1" width="35%"><b class="genmed">{L_UCP_ICQ}: </b></td>]]></find>
			<inline-edit>
				<inline-find><![CDATA[:]]></inline-find>
				<inline-action type="after-add"><![CDATA[<!-- IF S_ICQ_REQUIRED --> *<!-- ENDIF -->]]></inline-action>
			</inline-edit>
		</edit>
		<edit>
			<find><![CDATA[<tr> 
	<td class="row1" width="35%"><b class="genmed">{L_UCP_AIM}: </b></td>
	<td class="row2"><input class="post" type="text" name="aim" size="30" maxlength="255" value="{AIM}" /></td>
</tr>]]></find>
			<action type="before-add"><![CDATA[	<!-- IF not S_AIM_DISABLED -->]]></action>
			<action type="after-add"><![CDATA[	<!-- ENDIF -->]]></action>
		</edit>
		<edit>
			<find><![CDATA[<td class="row1" width="35%"><b class="genmed">{L_UCP_AIM}: </b></td>]]></find>
			<inline-edit>
				<inline-find><![CDATA[:]]></inline-find>
				<inline-action type="after-add"><![CDATA[<!-- IF S_AIM_REQUIRED --> *<!-- ENDIF -->]]></inline-action>
			</inline-edit>
		</edit>
		<edit>
			<find><![CDATA[<tr> 
	<td class="row1" width="35%"><b class="genmed">{L_UCP_MSNM}: </b></td>
	<td class="row2"><input class="post" type="text" name="msn" size="30" maxlength="255" value="{MSN}" /></td>
</tr>]]></find>
			<action type="before-add"><![CDATA[	<!-- IF not S_MSN_DISABLED -->]]></action>
			<action type="after-add"><![CDATA[	<!-- ENDIF -->]]></action>
		</edit>
		<edit>
			<find><![CDATA[<td class="row1" width="35%"><b class="genmed">{L_UCP_MSNM}: </b></td>]]></find>
			<inline-edit>
				<inline-find><![CDATA[:]]></inline-find>
				<inline-action type="after-add"><![CDATA[<!-- IF S_MSN_REQUIRED --> *<!-- ENDIF -->]]></inline-action>
			</inline-edit>
		</edit>
		<edit>
			<find><![CDATA[<tr> 
	<td class="row1" width="35%"><b class="genmed">{L_UCP_YIM}: </b></td>
	<td class="row2"><input class="post" type="text" name="yim" size="30" maxlength="255" value="{YIM}" /></td>
</tr>]]></find>
			<action type="before-add"><![CDATA[	<!-- IF not S_YIM_DISABLED -->]]></action>
			<action type="after-add"><![CDATA[	<!-- ENDIF -->]]></action>
		</edit>
		<edit>
			<find><![CDATA[<td class="row1" width="35%"><b class="genmed">{L_UCP_YIM}: </b></td>]]></find>
			<inline-edit>
				<inline-find><![CDATA[:]]></inline-find>
				<inline-action type="after-add"><![CDATA[<!-- IF S_YIM_REQUIRED --> *<!-- ENDIF -->]]></inline-action>
			</inline-edit>
		</edit>
		<edit>
			<find><![CDATA[<tr> 
	<td class="row1" width="35%"><b class="genmed">{L_UCP_JABBER}: </b></td>
	<td class="row2"><input class="post" type="text" name="jabber" size="30" maxlength="255" value="{JABBER}" /></td>
</tr>]]></find>
			<action type="before-add"><![CDATA[	<!-- IF not S_JABBER_DISABLED -->]]></action>
			<action type="after-add"><![CDATA[	<!-- ENDIF -->]]></action>
		</edit>
		<edit>
			<find><![CDATA[<td class="row1" width="35%"><b class="genmed">{L_UCP_JABBER}: </b></td>]]></find>
			<inline-edit>
				<inline-find><![CDATA[:]]></inline-find>
				<inline-action type="after-add"><![CDATA[<!-- IF S_JABBER_REQUIRED --> *<!-- ENDIF -->]]></inline-action>
			</inline-edit>
		</edit>
		<edit>
			<find><![CDATA[<tr> 
	<td class="row1" width="35%"><b class="genmed">{L_WEBSITE}: </b></td>
	<td class="row2"><input class="post" type="text" name="website" size="30" maxlength="255" value="{WEBSITE}" /></td>
</tr>]]></find>
			<action type="before-add"><![CDATA[	<!-- IF not S_WEBSITE_DISABLED -->]]></action>
			<action type="after-add"><![CDATA[	<!-- ENDIF -->]]></action>
		</edit>
		<edit>
			<find><![CDATA[<td class="row1" width="35%"><b class="genmed">{L_WEBSITE}: </b></td>]]></find>
			<inline-edit>
				<inline-find><![CDATA[:]]></inline-find>
				<inline-action type="after-add"><![CDATA[<!-- IF S_WEBSITE_REQUIRED --> *<!-- ENDIF -->]]></inline-action>
			</inline-edit>
		</edit>
		<edit>
			<find><![CDATA[<tr> 
	<td class="row1" width="35%"><b class="genmed">{L_LOCATION}: </b></td>
	<td class="row2"><input class="post" type="text" name="location" size="30" maxlength="100" value="{LOCATION}" /></td>
</tr>]]></find>
			<action type="before-add"><![CDATA[	<!-- IF not S_LOCATION_DISABLED -->]]></action>
			<action type="after-add"><![CDATA[	<!-- ENDIF -->]]></action>
		</edit>
		<edit>
			<find><![CDATA[<td class="row1" width="35%"><b class="genmed">{L_LOCATION}: </b></td>]]></find>
			<inline-edit>
				<inline-find><![CDATA[:]]></inline-find>
				<inline-action type="after-add"><![CDATA[<!-- IF S_LOCATION_REQUIRED --> *<!-- ENDIF -->]]></inline-action>
			</inline-edit>
		</edit>
		<edit>
			<find><![CDATA[<tr> 
	<td class="row1" width="35%"><b class="genmed">{L_OCCUPATION}: </b></td>
	<td class="row2"><textarea class="post" name="occupation" rows="3" cols="30">{OCCUPATION}</textarea></td>
</tr>]]></find>
			<action type="before-add"><![CDATA[	<!-- IF not S_OCCUPATION_DISABLED -->]]></action>
			<action type="after-add"><![CDATA[	<!-- ENDIF -->]]></action>
		</edit>
		<edit>
			<find><![CDATA[<td class="row1" width="35%"><b class="genmed">{L_OCCUPATION}: </b></td>]]></find>
			<inline-edit>
				<inline-find><![CDATA[:]]></inline-find>
				<inline-action type="after-add"><![CDATA[<!-- IF S_OCCUPATION_REQUIRED --> *<!-- ENDIF -->]]></inline-action>
			</inline-edit>
		</edit>
		<edit>
			<find><![CDATA[<tr> 
	<td class="row1" width="35%"><b class="genmed">{L_INTERESTS}: </b></td>
	<td class="row2"><textarea class="post" name="interests" rows="3" cols="30">{INTERESTS}</textarea></td>
</tr>]]></find>
			<action type="before-add"><![CDATA[	<!-- IF not S_INTERESTS_DISABLED -->]]></action>
			<action type="after-add"><![CDATA[	<!-- ENDIF -->]]></action>
		</edit>
		<edit>
			<find><![CDATA[<td class="row1" width="35%"><b class="genmed">{L_INTERESTS}: </b></td>]]></find>
			<inline-edit>
				<inline-find><![CDATA[:]]></inline-find>
				<inline-action type="after-add"><![CDATA[<!-- IF S_INTERESTS_REQUIRED --> *<!-- ENDIF -->]]></inline-action>
			</inline-edit>
		</edit>
    </open>
	<open src="styles/subsilver2/template/ucp_profile_signature.html">
		<edit>
			<find><![CDATA[	<td colspan="2" class="row1">{L_SIGNATURE_EXPLAIN}</td>
</tr>]]></find>
			<action type="after-add"><![CDATA[<!-- IF not S_SIGNATURE_DISABLED -->]]></action>
		</edit>
		<edit>
			<find><![CDATA[	<td class="cat" colspan="2" align="center">{S_HIDDEN_FIELDS}<input class="btnlite" type="submit" name="preview" value="{L_PREVIEW}" />&nbsp;&nbsp;<input class="btnmain" type="submit" name="submit" value="{L_SUBMIT}" />&nbsp;&nbsp;<input class="btnlite" type="reset" value="{L_RESET}" name="reset" /></td>
</tr>]]></find>
			<action type="after-add"><![CDATA[<!-- ELSE -->
<tr>
	<td class="row3" colspan="2" align="center"><span class="genmed error">{L_SIGNATURE_DISABLED}</span></td>
</tr>
<!-- ENDIF -->]]></action>
		</edit>
    </open>
</action-group>
</mod>