<?xml version="1.0" encoding="utf-8" standalone="yes" ?>
<?xml-stylesheet type="text/xsl" href="modx.prosilver.en.xsl"?>
<!--For security purposes, please check: http
://www.phpbb.com/mods/ for the latest version of this MOD. Although MODs are checked before being allowed in the MODs Database there is no guarantee that there are no security problems within the MOD. No support will be given for MODs not found within the MODs Database which can be found at http://www.phpbb.com/mods/-->
<mod xmlns:xsi="http://www.w3.org/2001/XMLSchema-instance" xmlns="http://www.phpbb.com/mods/xml/modx-1.2.5.xsd">
	<header>
		<license>http://opensource.org/licenses/gpl-license.php GNU General Public License v2</license>

		<title lang="en">Anti-Spam ACP - German translation</title>
		<title lang="de">Anti-Spam ACP - Deutsche Übersetzung</title>

		<description lang="en">This is the German translation for the Anti-Spam ACP from EXreaction. Simply copy the files as described below.</description>
		<description lang="de">Dies ist die deutsche Übersetzung für das Anti-Spam ACP von EXreaction. Folge einfach u.s. Anweisungen, um die übersetzten Dateien zu benutzen.</description>

		<author-group>
			<author>
				<realname>Felix Mueller</realname>
				<username>femu</username>
				<homepage>http://www.die-muellers.org</homepage>
				<contributions-group>
					<contributions status="current" position="Translator" />
				</contributions-group>
			</author>
		</author-group>

		<mod-version>1.0.4</mod-version>

		<installation>
			<level>easy</level>
			<time>300</time>
			<target-version>3.0.10</target-version>
		</installation>

		<history>
			<entry>
				<date>2012-05-21</date>
				<rev-version>1.0.4</rev-version>
				<changelog lang="en">
					<change>First initial release</change>
				</changelog>
				<changelog lang="de">
					<change>Erste öffentliche Version</change>
				</changelog>
			</entry>
		</history>
	</header>

	<action-group>
		<copy>
			<file from="root/language/de/mods/acp_asacp.php" to="language/de/mods/acp_asacp.php" />
			<file from="root/language/de/mods/asacp.php" to="language/de/mods/asacp.php" />
			<file from="root/language/de/mods/info_acp_asacp.php" to="language/de/mods/info_acp_asacp.php" />
			<file from="root/language/de/mods/info_mcp_asacp.php" to="language/de/mods/info_mcp_asacp.php" />
		</copy>

		<diy-instructions lang="en">
Simply copy the files to the correct location on your web space.
</diy-instructions>

		<diy-instructions lang="de">
Kopiere einfach die Dateien in das korrekte Verzeichnis auf deinem Webspace.
</diy-instructions>
	</action-group>
</mod>