<?xml version="1.0" encoding="utf-8" standalone="yes" ?>
<?xml-stylesheet type="text/xsl" href="modx.prosilver.en.xsl"?>
<!--For security purposes, please check: http://www.phpbb.com/mods/ for the latest version of this MOD. Although MODs are checked before being allowed in the MODs Database there is no guarantee that there are no security problems within the MOD. No support will be given for MODs not found within the MODs Database which can be found at http://www.phpbb.com/mods/-->
<mod xmlns:xsi="http://www.w3.org/2001/XMLSchema-instance" xmlns="http://www.phpbb.com/mods/xml/modx-1.2.1.xsd">
<header>
	<license>http://opensource.org/licenses/gpl-license.php GNU General Public License v2</license>
	<title lang="en">From Author PM List</title>
	<description lang="en">Displays a link when viewing a PM to display all previous PM's from that user</description>

	<author-notes lang="en">Support will only be given at my website - http://www.lithiumstudios.org.</author-notes>

	<author-group>
		<author>
			<username>EXreaction</username>
			<realname>Nathan Guse</realname>
			<homepage>http://www.lithiumstudios.org/</homepage>
			<email>exreaction@lithiumstudios.org</email>
		</author>
	</author-group>

	<mod-version>1.0.0</mod-version>

	<installation>
		<level>easy</level>
		<time>300</time>
		<target-version>3.0.2</target-version>
	</installation>
</header>

<action-group>
	<open src="includes/ucp/ucp_pm_viewfolder.php">
		<edit>
			<find><![CDATA[// PM ordering options]]></find>
			<action type="before-add"><![CDATA[	// Start From Author PM List
	$from_author = utf8_normalize_nfc(request_var('from_author', '', true));
	$url_from_author = $sql_from_author = '';
	if ($from_author)
	{
		$url_from_author = '&amp;from_author=' . $from_author;
		if (is_numeric($from_author))
		{
			$sql_from_author = ' AND p.author_id = ' . (int) $from_author;
		}
		else
		{
			$sql_from_author = ' AND u.username = \'' . $db->sql_escape($from_author) . "'";
		}
	}
	// End From Author PM List]]></action>
		</edit>
		<edit>
			<find><![CDATA[WHERE $folder_sql]]></find>
			<action type="after-add"><![CDATA[				$sql_from_author]]></action>
		</edit>
		<edit>
			<find><![CDATA[	else
	{
		$pm_count = (!empty($folder[$folder_id]['num_messages'])) ? $folder[$folder_id]['num_messages'] : 0;
		$sql_limit_time = '';
	}]]></find>
			<action type="before-add"><![CDATA[	// Start From Author PM List
	else if ($sql_from_author)
	{
		$sql = 'SELECT COUNT(t.msg_id) AS pm_count
			FROM ' . PRIVMSGS_TO_TABLE . ' t, ' . PRIVMSGS_TABLE . " p
			WHERE $folder_sql
				$sql_from_author
				AND t.user_id = $user_id
				AND t.msg_id = p.msg_id";
		$result = $db->sql_query_limit($sql, 1);
		$pm_count = (int) $db->sql_fetchfield('pm_count');
		$db->sql_freeresult($result);

		$sql_limit_time = '';
	}
	// End From Author PM List]]></action>
		</edit>
		<edit>
			<find><![CDATA[generate_pagination(append_sid("{$phpbb_root_path}ucp.$phpEx", "i=pm&amp;mode=view&amp;action=view_folder&amp;f=$folder_id&amp;$u_sort_param"), $pm_count, $config['topics_per_page'], $start),]]></find>
			<inline-edit>
				<inline-find><![CDATA[$u_sort_param]]></inline-find>
				<inline-action type="after-add"><![CDATA[{$url_from_author}]]></inline-action>
			</inline-edit>
		</edit>
		<edit>
			<find><![CDATA[WHERE t.user_id = $user_id]]></find>
			<action type="after-add"><![CDATA[			$sql_from_author]]></action>
		</edit>
	</open>
	<open src="includes/ucp/ucp_pm_viewmessage.php">
		<edit>
			<find><![CDATA[$template->assign_vars(array(]]></find>
			<action type="after-add"><![CDATA[		// Start From Author PM List
		'U_FROM_AUTHOR_PM_LIST'		=> append_sid("{$phpbb_root_path}ucp.$phpEx", "i=pm&amp;folder=$folder_id&amp;from_author=$author_id"),
		// End From Author PM List]]></action>
		</edit>
    </open>
	<open src="language/en/ucp.php">
		<edit>
			<find><![CDATA[// Common language entries
$lang = array_merge($lang, array(]]></find>
			<action type="after-add"><![CDATA[	// Start From Author PM List
	'FROM_AUTHOR_PM_LIST'			=> 'Previous PM\'s from this user',
	// End From Author PM List]]></action>
		</edit>
    </open>
	<open src="styles/prosilver/template/ucp_pm_viewmessage.html">
		<edit>
			<find><![CDATA[<br /><strong>{L_PM_FROM}:</strong> {MESSAGE_AUTHOR_FULL}]]></find>
			<inline-edit>
				<inline-find><![CDATA[{MESSAGE_AUTHOR_FULL}]]></inline-find>
				<inline-action type="after-add"><![CDATA[ <a class="right" href="{U_FROM_AUTHOR_PM_LIST}">{L_FROM_AUTHOR_PM_LIST}&nbsp;</a>]]></inline-action>
			</inline-edit>
		</edit>
    </open>
	<diy-instructions lang="en">Refresh your prosilver template in the ACP by going to ACP->Styles->Style components->Templates and click the "refresh" button for prosilver.</diy-instructions>
</action-group>
</mod>