﻿<?xml version="1.0" encoding="utf-8" standalone="yes" ?>
<?xml-stylesheet type="text/xsl" href="../modx.prosilver.en.xsl"?>
<!--For security purposes, please check: http://www.phpbb.com/mods/ for the latest version of this MOD. Although MODs are checked before being allowed in the MODs Database there is no guarantee that there are no security problems within the MOD. No support will be given for MODs not found within the MODs Database which can be found at http://www.phpbb.com/mods/-->
<mod xmlns:xsi="http://www.w3.org/2001/XMLSchema-instance" xmlns="http://www.phpbb.com/mods/xml/modx-1.2.0.xsd">
<header>
    <license>http://opensource.org/licenses/gpl-license.php GNU General Public License v2</license>
    <title lang="en">User Blog Mod Change Blog Path</title>
    <description lang="en">Changes the path at which the blogs are displayed on your website.</description>

    <author-group>
      <author>
        <username>EXreaction</username>
        <realname>Nathan Guse</realname>
        <homepage>http://www.lithiumstudios.org/</homepage>
        <email>exreaction@lithiumstidos.org</email>
      </author>
    </author-group>

	<mod-version>1.0.0</mod-version>

	<installation>
		<level>easy</level>
		<time>120</time>
		<target-version>3.0.1</target-version>
	</installation>

    <history>
	  <entry>
        <date>2008-04-29</date>
        <rev-version>1.0.0</rev-version>
        <changelog lang="en">
		  <change>Released</change>
        </changelog>
      </entry>
    </history>
</header>

<action-group>
    <diy-instructions lang="en"><![CDATA[1. Copy the files from Change Blog Path/ to the place where you want the blog to be shown.

2. If there is a .htaccess file in the directory you are copying this to, follow the 2a instructions, else follow the 2b instructions.
2a. Open the .htaccess file and search for "RewriteEngine on".  If it is not in the file add the following code to the bottom of the file:
RewriteEngine on

Rewriterule ^blog/(.+)/(.+).html$		./blog/view/blog.php?page=$1&mode=$2
Rewriterule ^blog/(.+).html$			./blog/blog.php?page=$1
Rewriterule ^blog/(.+)/$				./blog/view/blog.php?page=$1
Rewriterule ^blog/$						./blog/blog.php

Else, if "RewriteEngine on" is in the .htaccess file already, add the following code to the bottom of the file:
Rewriterule ^blog/(.+)/(.+).html$		./blog/view/blog.php?page=$1&mode=$2
Rewriterule ^blog/(.+).html$			./blog/blog.php?page=$1
Rewriterule ^blog/(.+)/$				./blog/view/blog.php?page=$1
Rewriterule ^blog/$						./blog/blog.php

2b. Create a file named .htaccess in the directory and add the following code to it:
RewriteEngine on

Rewriterule ^blog/(.+)/(.+).html$		./blog/view/blog.php?page=$1&mode=$2
Rewriterule ^blog/(.+).html$			./blog/blog.php?page=$1
Rewriterule ^blog/(.+)/$				./blog/view/blog.php?page=$1
Rewriterule ^blog/$						./blog/blog.php

3. In the directory you copied the files to, open blog.php, blog/blog.php, and blog/view/blog.php.  Then change the defined PHPBB_ROOT_PATH to the relative path to youre phpBB3 forum.

4. Open config.php in your forum's root directory.
Find:
@define('PHPBB_INSTALLED', true);

After, Add:
@define('BLOG_ROOT', '');

Change the '' to hold the path relative from your domain where you would like to have the blog shown, '' for yoursite/blog/, 'home/' for yoursite/home/blog/, etc.]]></diy-instructions>
</action-group>
</mod>