<?xml version="1.0" encoding="utf-8" standalone="yes"?>
<?xml-stylesheet type="text/xsl" href="../modx.prosilver.en.xsl"?>
<!--For security purposes, please check: http://www.phpbb.com/mods/ for the latest version of this MOD. Although MODs are checked before being allowed in the MODs Database there is no guarantee that there are no security problems within the MOD. No support will be given for MODs not found within the MODs Database which can be found at http://www.phpbb.com/mods/-->
<mod xmlns:xsi="http://www.w3.org/2001/XMLSchema-instance" xmlns="http://www.phpbb.com/mods/xml/modx-1.0.1.xsd">
	<header>
		<license>http://opensource.org/licenses/gpl-license.php GNU General Public License v2</license>
		<title lang="en-gb">Soft Delete 1.0.4 to 1.0.5 Upgrade</title>
		<description lang="en-gb"><![CDATA[Changes the current hard delete scheme to all soft deleting for posts and topics.
Also includes the option to undelete posts and topics after they have been soft deleted.
New permissions give the option to allow administrators and/or moderators to hard delete posts/topics after they have already been soft deleted.]]></description>
		<author-notes lang="en-gb"><![CDATA[Please ask for support at my website if you need any: http://www.lithiumstudios.org.  Soft deleting of Private Messages is not included in this modification]]>.</author-notes>
		<author-group>
			<author>
				<realname>Nathan Guse</realname>
				<email>exreaction@lithiumstudios.org</email>
				<username>EXreaction</username>
				<homepage>http://www.lithiumstudios.org</homepage>
				<contributions />
			</author>
		</author-group>
		<mod-version>
			<major>1</major>
			<minor>0</minor>
			<revision>5</revision>
		</mod-version>
		<installation>
			<level>intermediate</level>
			<time>1220</time>
			<target-version>
				<target-primary>3.0</target-primary>
				<target-major allow="exact">3</target-major>
				<target-minor allow="exact">0</target-minor>
			</target-version>
		</installation>
		<history>
			<entry>
				<date>2007-11-01</date>
				<rev-version>
					<major>1</major>
					<minor>0</minor>
					<revision>0</revision>
				</rev-version>
				<changelog lang="en-gb">
					<change>Release</change>
				</changelog>
			</entry>
			<entry>
				<date>2007-12-23</date>
				<rev-version>
					<major>1</major>
					<minor>0</minor>
					<revision>1</revision>
				</rev-version>
				<changelog lang="en-gb">
					<change>Fixes for Mod Validation.  To update from 1.0.0, please upload the new files, remove the changes made by 1.0.0 in language/en/common.php and add the changes made to language/en/viewforum.php and add the changes made to language/en/viewtopic.php.</change>
				</changelog>
			</entry>
			<entry>
				<date>2008-01-06</date>
				<rev-version>
					<major>1</major>
					<minor>0</minor>
					<revision>2</revision>
				</rev-version>
				<changelog lang="en-gb">
					<change>Some bug fixes for global announcements.  Also some SQL query fixes to (hopefully) fix compatiblity issues. To update from 1.0.1, you just have to upload the new files.</change>
				</changelog>
			</entry>
			<entry>
				<date>2008-01-09</date>
				<rev-version>
					<major>1</major>
					<minor>0</minor>
					<revision>3</revision>
				</rev-version>
				<changelog lang="en-gb">
					<change>Okay, it appears as though the install.xml file has been wrong for quite a while now.  I don't know how it got so messed up, but it is fixed now.  Also, I've removed a_harddelete permissions.  To upgrade from 1.0.2, follow the instructions in contrib/102_to_103.xml.</change>
				</changelog>
			</entry>
			<entry>
				<date>2008-01-10</date>
				<rev-version>
					<major>1</major>
					<minor>0</minor>
					<revision>4</revision>
				</rev-version>
				<changelog lang="en-gb">
					<change>Fixing the Log language entries that were missing.  To update from 1.0.3 just copy the new language/en/mods/info_mcp_soft_delete.php file over.</change>
				</changelog>
			</entry>
			<entry>
				<date>2008-01-13</date>
				<rev-version>
					<major>1</major>
					<minor>0</minor>
					<revision>5</revision>
				</rev-version>
				<changelog lang="en-gb">
					<change>Ok, some big bugs...how come nobody has reported these?  To upgrade from 1.0.4, follow the instructions in contrib/104_to_105.xml.</change>
				</changelog>
			</entry>
		</history>
	</header>
  <action-group>
    <open src="viewforum.php">
      <edit>
        <find><![CDATA[		" . (($auth->acl_get('m_approve', $forum_id)) ? '' : 'AND topic_approved = 1') .
			($auth->acl_get('m_harddelete', $topic_data['forum_id']) || $auth->acl_get('m_delete', $topic_data['forum_id'])) ? '' : (($auth->acl_get('f_delete', $topic_data['forum_id'])) ? " AND (topic_deleted = '0' OR topic_deleted = '{$user->data['user_id']}')" : " AND topic_deleted = '0'"));]]></find>
        <action type="replace-with"><![CDATA[		" . (($auth->acl_get('m_approve', $forum_id)) ? '' : 'AND topic_approved = 1') .
			($auth->acl_get('m_harddelete', $topic_data['forum_id']) || $auth->acl_get('m_delete', $topic_data['forum_id'])) ? '' : (($auth->acl_get('f_delete', $topic_data['forum_id'])) ? " AND (topic_deleted = '0' OR topic_deleted = '{$user->data['user_id']}')" : " AND topic_deleted = '0'");]]></action>
      </edit>
    </open>
    <open src="viewtopic.php">
      <edit>
        <find><![CDATA[		" . (($auth->acl_get('m_approve', $forum_id)) ? '' : 'AND post_approved = 1') .
				($auth->acl_get('m_harddelete', $forum_id) || $auth->acl_get('m_delete', $forum_id)) ? '' : (($auth->acl_get('f_delete', $forum_id)) ? " AND (post_deleted = '0' OR post_deleted = '{$user->data['user_id']}')" : " AND post_deleted = '0'"));]]></find>
        <action type="replace-with"><![CDATA[		" . (($auth->acl_get('m_approve', $forum_id)) ? '' : 'AND post_approved = 1') .
				($auth->acl_get('m_harddelete', $forum_id) || $auth->acl_get('m_delete', $forum_id)) ? '' : (($auth->acl_get('f_delete', $forum_id)) ? " AND (post_deleted = '0' OR post_deleted = '{$user->data['user_id']}')" : " AND post_deleted = '0'");]]></action>
      </edit>
      <edit>
        <find><![CDATA[	'WHERE'		=> $db->sql_in_set('p.post_id', $post_list) . '
		AND (u.user_id = p.poster_id)' .
			($auth->acl_get('m_harddelete', $forum_id) || $auth->acl_get('m_delete', $forum_id)) ? '' : (($auth->acl_get('f_delete', $forum_id)) ? " AND (p.post_deleted = '0' OR p.post_deleted = '{$user->data['user_id']}')" : " AND p.post_deleted = '0'"))]]></find>
        <action type="replace-with"><![CDATA[	'WHERE'		=> $db->sql_in_set('p.post_id', $post_list) . '
		AND u.user_id = p.poster_id'
			. (($auth->acl_get('m_harddelete', $forum_id) || $auth->acl_get('m_delete', $forum_id)) ? '' : (($auth->acl_get('f_delete', $forum_id)) ? " AND (p.post_deleted = 0 OR p.post_deleted = {$user->data['user_id']})" : " AND p.post_deleted = 0"))]]></action>
      </edit>
    </open>
  </action-group>
</mod>