<?xml version="1.0" encoding="utf-8" standalone="yes" ?>
<?xml-stylesheet type="text/xsl" href="modx.prosilver.en.xsl"?>
<!--For security purposes, please check: http://www.phpbb.com/mods/ for the latest version of this MOD. Although MODs are checked before being allowed in the MODs Database there is no guarantee that there are no security problems within the MOD. No support will be given for MODs not found within the MODs Database which can be found at http://www.phpbb.com/mods/-->
<mod xmlns:xsi="http://www.w3.org/2001/XMLSchema-instance" xmlns="http://www.phpbb.com/mods/xml/modx-1.2.1.xsd">
<header>
	<license>http://opensource.org/licenses/gpl-license.php GNU General Public License v2</license>
	<title lang="en">Anti-Spam ACP</title>
	<description lang="en">Prevents spam on your phpBB3 forum.</description>

	<author-notes lang="en">PHP versions less than 5.1.0 are not supported.

Support by the author is only provided at http://www.lithiumstudios.org
A small fee is required for support by the author unless otherwise specified by the author in the release topic.
Bug reports are accepted and, if confirmed as a bug, you will receive support for fixing the bug for free by the mod author.</author-notes>

	<author-group>
		<author>
			<username>EXreaction</username>
			<realname>Nathan Guse</realname>
			<homepage>http://www.lithiumstudios.org/</homepage>
			<email>exreaction@lithiumstudios.org</email>
		</author>
	</author-group>

	<mod-version>0.9.0</mod-version>

	<installation>
		<level>easy</level>
		<time>300</time>
		<target-version>3.0.4</target-version>
	</installation>
</header>

<action-group>
	<copy>
		<file from="root/*.*" to="*.*" />
	</copy>
	<open src="includes/ucp/ucp_register.php">
		<edit>
			<find><![CDATA[		// START Anti-Spam ACP
		$asacp_hidden = antispam::ucp_register();
		if ($asacp_hidden === false)
		{
			$this->tpl_name = 'antispam/ucp_register';
			return;
		}
		// END Anti-Spam ACP]]></find>
			<action type="replace-with"><![CDATA[		// START Anti-Spam ACP
		$asacp_hidden = antispam::ucp_preregister();
		if ($asacp_hidden === false)
		{
			$this->tpl_name = 'antispam/ucp_register';
			return;
		}
		// END Anti-Spam ACP]]></action>
		</edit>
		<edit>
			<find><![CDATA[			if (!sizeof($error))
			{
				$server_url = generate_board_url();]]></find>
			<action type="before-add"><![CDATA[			// START Anti-Spam ACP
			antispam::ucp_register($data, $error, $wrong_confirm);
			// END Anti-Spam ACP]]></action>
		</edit>
		<edit>
			<find><![CDATA[				// Register user...
				$user_id = user_add($user_row, $cp_data);]]></find>
			<action type="after-add"><![CDATA[
				// START Anti-Spam ACP
				antispam::sfs_register($user_id);
				// END Anti-Spam ACP]]></action>
		</edit>
	</open>
	<open src="posting.php">
		<edit>
			<find><![CDATA[	// START Anti-Spam ACP
	$sc_title = (empty($post_data['topic_title'])) ? $post_data['post_subject'] : $post_data['topic_title'];
	$is_spam = false;
	if ($config['asacp_spam_words_posting_action'] && antispam::spam_words(array($sc_title, $message_parser->message)))
	{
		switch ($config['asacp_spam_words_posting_action'])
		{
			case 1 :
				antispam::add_log('LOG_SPAM_POST_DENIED', array($sc_title, $message_parser->message));
				$error[] = $user->lang['SPAM_DENIED'];
			break;

			case 2 :
				$is_spam = true;
			break;
		}
	}
	// END Anti-Spam ACP]]></find>
			<action type="replace-with"><![CDATA[	// START Anti-Spam ACP
	$sc_title = (empty($post_data['topic_title'])) ? $post_data['post_subject'] : $post_data['topic_title'];
	$is_spam = false;
	if ($config['asacp_spam_words_posting_action'] && antispam::spam_words(array($sc_title, $message_parser->message)))
	{
		switch ($config['asacp_spam_words_posting_action'])
		{
			case 1 :
				antispam::add_log('LOG_SPAM_POST_DENIED', array($sc_title, $message_parser->message));
				$error[] = $user->lang['SPAM_DENIED'];
			break;

			case 2 :
				// Not the nicest way to do it, but by far the easiest.
				$config['enable_queue_trigger'] = true;
				$config['queue_trigger_posts'] = $user->data['user_posts'] + 1;
			break;
		}
	}
	// END Anti-Spam ACP]]></action>
		</edit>
		<edit>
			<find><![CDATA[			// START Anti-Spam ACP
			$post_need_approval = ($post_need_approval || $is_spam) ? true : false;
			antispam::submit_post($mode, $data['post_id'], $is_spam);
			// END Anti-Spam ACP]]></find>
			<action type="replace-with"><![CDATA[			// START Anti-Spam ACP
			antispam::submit_post($mode, $data['post_id']);
			// END Anti-Spam ACP]]></action>
		</edit>
    </open>
	<open src="viewtopic.php">
		<edit>
			<find><![CDATA[	// START Anti-Spam ACP
	antispam::flagged_output($poster_id, &$user_cache[$poster_id], 'postrow.custom_fields', $row['post_id']);
	// END Anti-Spam ACP]]></find>
			<action type="replace-with"><![CDATA[	// START Anti-Spam ACP
	antispam::flagged_output($poster_id, $user_cache[$poster_id], 'postrow.custom_fields', $row['post_id']);
	// END Anti-Spam ACP]]></action>
		</edit>
    </open>
</action-group>
</mod>