<?xml version="1.0" encoding="utf-8" standalone="yes" ?>
<?xml-stylesheet type="text/xsl" href="modx.prosilver.en.xsl"?>
<!--For security purposes, please check: http://www.phpbb.com/mods/ for the latest version of this MOD. Although MODs are checked before being allowed in the MODs Database there is no guarantee that there are no security problems within the MOD. No support will be given for MODs not found within the MODs Database which can be found at http://www.phpbb.com/mods/-->
<mod xmlns:xsi="http://www.w3.org/2001/XMLSchema-instance" xmlns="http://www.phpbb.com/mods/xml/modx-1.2.5.xsd">
<header>
	<license>http://opensource.org/licenses/gpl-license.php GNU General Public License v2</license>
	<title lang="en">Akismet for phpBB3</title>
	<description lang="en">Possibly the best way in the world to protect you from web spam, now fully integrated with phpBB3.

Akismet (for phpBB3) filters out your comment spam for you, so you can focus on more important things.</description>

	<author-notes lang="en">PHP5 is required, if your host does not support PHP5, find a new one.

Support by the author is only provided at http://www.lithiumstudios.org</author-notes>

	<author-group>
		<author>
			<username>EXreaction</username>
			<realname>Nathan Guse</realname>
			<homepage>http://www.lithiumstudios.org/</homepage>
			<email>exreaction@lithiumstudios.org</email>
		</author>
	</author-group>

	<mod-version>1.0.0</mod-version>

	<installation>
		<level>easy</level>
		<time>300</time>
		<target-version>3.0.10</target-version>
	</installation>

	<history>
		<entry>
			<date>2012-06-26</date>
			<rev-version>1.0.0</rev-version>
			<changelog lang="en">
				<change>Initial release</change>
			</changelog>
		</entry>
	</history>
</header>

<action-group>
	<copy>
		<file from="root/*.*" to="*.*" />
	</copy>
	<open src="includes/acp/acp_board.php">
		<edit>
			<find><![CDATA['legend2'				=> 'POSTING',]]></find>
			<action type="before-add"><![CDATA[						// Start phpBB-Akismet
						'legend_phpbb_akismet'	=> 'PHPBB_AKISMET',
						'phpbb_akismet_enabled'	=> array('lang' => 'PHPBB_AKISMET_ENABLE',	'validate' => 'bool',	'type' => 'radio:enabled_disabled', 'explain' => true),
						'phpbb_akismet_key'		=> array('lang' => 'PHPBB_AKISMET_API_KEY',	'validate' => 'string',	'type' => 'text:20:20', 'explain' => true),
						// End phpBB-Akismet

]]></action>
		</edit>
		<edit>
			<find><![CDATA[validate_config_vars($display_vars['vars'], $cfg_array, $error);]]></find>
			<action type="after-add"><![CDATA[

		// Start phpBB-Akismet
		if (isset($config['phpbb_akismet_version']))
		{
			$user->add_lang('mods/phpbb_akismet');

			if ($submit && isset($cfg_array['phpbb_akismet_key']) && $cfg_array['phpbb_akismet_key'])
			{
				if (!class_exists('phpbb_akismet'))
				{
					include($phpbb_root_path . 'includes/akismet/phpbb_akismet.' . $phpEx);
				}
				$phpbb_akismet = new phpbb_akismet();

				if (!$phpbb_akismet->isKeyValid($cfg_array['phpbb_akismet_key']))
				{
					$error[] = $user->lang['PHPBB_AKISMET_INVALID_KEY'];
				}
			}
		}
		// End phpBB-Akismet]]></action>
		</edit>
    </open>
	<open src="includes/mcp/mcp_queue.php">
		<edit>
			<find><![CDATA[if (sizeof($post_id_list) == 1)]]></find>
			<action type="before-add"><![CDATA[		// Start phpBB-Akismet
		if (isset($config['phpbb_akismet_version']) && $config['phpbb_akismet_enabled'] && $config['phpbb_akismet_key'])
		{
			if (!class_exists('phpbb_akismet'))
			{
				include($phpbb_root_path . 'includes/akismet/phpbb_akismet.' . $phpEx);
			}
			$phpbb_akismet = new phpbb_akismet();

			// Report as ham
			$phpbb_akismet->report_ham(array_keys($post_info));
		}
		// End phpBB-Akismet

]]></action>
		</edit>
    </open>
	<open src="posting.php">
		<edit>
			<find><![CDATA[			// The last parameter tells submit_post if search indexer has to be run
			$redirect_url = submit_post($mode, $post_data['post_subject'], $post_data['username'], $post_data['topic_type'], $poll, $data, $update_message, ($update_message || $update_subject) ? true : false);]]></find>
			<action type="before-add"><![CDATA[			// Start phpBB-Akismet
			if (isset($config['phpbb_akismet_version']) && $config['phpbb_akismet_enabled'] && $config['phpbb_akismet_key'])
			{
				if (!class_exists('phpbb_akismet'))
				{
					include($phpbb_root_path . 'includes/akismet/phpbb_akismet.' . $phpEx);
				}
				$phpbb_akismet = new phpbb_akismet();

				$message_decoded = $message_parser->message;
				decode_message($message_decoded, $message_parser->bbcode_uid);

				if ($phpbb_akismet->isCommentSpam($message_decoded))
				{
					$data['phpbb_akismet_spam'] = true;
					$data['force_approved_state'] = false; // Force disapproved
				}
			}
			// End phpBB-Akismet

]]></action>
			<action type="after-add"><![CDATA[

			// Start phpBB-Akismet
			if (isset($config['phpbb_akismet_version']) && $config['phpbb_akismet_enabled'] && $config['phpbb_akismet_key'])
			{
				if (isset($data['phpbb_akismet_spam']))
				{
					$phpbb_akismet->akismet_spam($data['post_id']);
				}
			}
			// End phpBB-Akismet]]></action>
		</edit>
    </open>
	<open src="viewtopic.php">
		<edit>
			<find><![CDATA[$rowset[$row['post_id']] = array(]]></find>
			<action type="after-add"><![CDATA[		// Start phpBB-Akismet
		'akismet_spam'		=> (isset($row['akismet_spam'])) ? $row['akismet_spam'] : 0,
		'akismet_ham'		=> (isset($row['akismet_ham'])) ? $row['akismet_ham'] : 0,
		// End phpBB-Akismet]]></action>
		</edit>
		<edit>
			<find><![CDATA[// Display not already displayed Attachments for this post, we already parsed them. ;)]]></find>
			<action type="before-add"><![CDATA[	// Start phpBB-Akismet
	if (isset($config['phpbb_akismet_version']) && $config['phpbb_akismet_enabled'] && $config['phpbb_akismet_key'])
	{
		if (!isset($user->lang['AKISMET']))
		{
			$user->add_lang('mods/phpbb_akismet');
		}
		
		if (!$row['akismet_spam'])
		{
			$template->assign_block_vars('postrow.custom_fields', array(
				'PROFILE_FIELD_NAME'		=> $user->lang['AKISMET'],
				'PROFILE_FIELD_VALUE'		=> '<a href="' . append_sid("{$phpbb_root_path}phpbb_akismet.$phpEx", "p={$row['post_id']}") . '">' . $user->lang['PHPBB_AKISMET_REMOVE_SPAM'] . '</a>',
			));
		}
	}
	// End phpBB-Akismet

]]></action>
		</edit>
    </open>
	<php-installer>phpbb_akismet.php</php-installer>
	<diy-instructions lang="en">Get an API Key from: https://akismet.com/signup/

Enter your API key in ACP->General->Board Configuration->Post Settings</diy-instructions>
</action-group>
</mod>