<?xml version="1.0" encoding="utf-8" standalone="yes" ?>
<?xml-stylesheet type="text/xsl" href="modx.prosilver.en.xsl"?>
<!--For security purposes, please check: http://www.phpbb.com/mods/ for the latest version of this MOD. Although MODs are checked before being allowed in the MODs Database there is no guarantee that there are no security problems within the MOD. No support will be given for MODs not found within the MODs Database which can be found at http://www.phpbb.com/mods/-->
<mod xmlns:xsi="http://www.w3.org/2001/XMLSchema-instance" xmlns="http://www.phpbb.com/mods/xml/modx-1.2.1.xsd">
  <header>
    <license>http://opensource.org/licenses/gpl-license.php GNU General Public License v2</license>
    <title lang="en-gb">Enable HTML</title>
    <description lang="en-gb">Allows authorized users to post full HTML (including javascript) in posts/signatures.  This is a major security vulnerability and you should
NEVER allow any user to post HTML.  It has a new forum permission which allows you to specify specific users or groups who can post
HTML in specific forums and a user permission which allows the posting of HTML in all forums.</description>
    <author-notes lang="en-gb">Repeat after me:  If my board gets hacked because I allowed somebody to post HTML it is my fault and I can not hold anyone else responsible.  This modification is a major security vulnerability to my board, I am willing to put myself and any others who access this board in danger to have HTML capabilities.</author-notes>
    <author-group>
      <author>
        <email>exreaction@lithiumstudios.org</email>
        <homepage>http://www.lithiumstudios.org</homepage>
        <realname>Nathan Guse</realname>
        <username>EXreaction</username>
        <contributions />
      </author>
    </author-group>
    <mod-version>1.0.1</mod-version>
	<installation>
		<level>easy</level>
		<time>300</time>
		<target-version>3.0.4</target-version>
	</installation>
  </header>
  <action-group>
	<copy>
		<file from="root/*.*" to="*.*" />
	</copy>
    <open src="language/en/acp/permissions_phpbb.php">
      <edit>
		<comment lang="en-gb">Delete it.</comment>
        <find><![CDATA['acl_f_html'		=> array('lang' => 'Can post HTML in posts.<br /><em>This allows all HTML, including scripts, which is a major security vulnerability.  This option should <strong>never</strong> be given to any user.</em>', 'cat' => 'content'),]]></find>
        <action type="replace-with"></action>
      </edit>
    </open>
    <open src="posting.php">
      <edit>
        <find><![CDATA[			'PREVIEW_MESSAGE'		=> ($auth->acl_get('f_html', $forum_id)) ? htmlspecialchars_decode($preview_message) : $preview_message,
			'PREVIEW_SIGNATURE'		=> ($auth->acl_get('f_html', $forum_id)) ? htmlspecialchars_decode($preview_signature) : $preview_signature,]]></find>
        <action type="replace-with"><![CDATA[			'PREVIEW_MESSAGE'		=> ($auth->acl_get('f_html', $forum_id) || $auth->acl_get('u_html')) ? htmlspecialchars_decode($preview_message) : $preview_message,
			'PREVIEW_SIGNATURE'		=> ($auth->acl_get('f_html', $forum_id) || $auth->acl_get('u_html')) ? htmlspecialchars_decode($preview_signature) : $preview_signature,]]></action>
      </edit>
    </open>
    <open src="viewtopic.php">
      <edit>
        <find><![CDATA[			$new_auth = new auth();
			$new_auth->acl($row);
			$user_cache[$poster_id]['auth_html'] = $new_auth->acl_get('f_html', $forum_id);
			unset($new_auth);]]></find>
        <action type="before-add"><![CDATA[			$new_auth = new auth();
			$new_auth->acl($row);
			$user_cache[$poster_id]['auth_html'] = ($new_auth->acl_get('f_html', $forum_id) || $new_auth->acl_get('u_html')) ? true : false;
			unset($new_auth);]]></action>
      </edit>
    </open>
	<diy-instructions lang="en"><![CDATA[Go to yoursite/enable_html.php and to run the database installer with your web browser.]]></diy-instructions>
  </action-group>
</mod>