<?xml version="1.0" encoding="utf-8" standalone="yes" ?>
<?xml-stylesheet type="text/xsl" href="modx.prosilver.en.xsl"?>
<!--For security purposes, please check: http://www.phpbb.com/mods/ for the latest version of this MOD. Although MODs are checked before being allowed in the MODs Database there is no guarantee that there are no security problems within the MOD. No support will be given for MODs not found within the MODs Database which can be found at http://www.phpbb.com/mods/-->
<mod xmlns:xsi="http://www.w3.org/2001/XMLSchema-instance" xmlns="http://www.phpbb.com/mods/xml/modx-1.2.1.xsd">
<header>
	<license>http://opensource.org/licenses/gpl-license.php GNU General Public License v2</license>
	<title lang="en">Enable HTML</title>
	<description lang="en">Allows authorized users to post full HTML (including javascript) in posts/signatures.  This is a major security vulnerability and you should
NEVER allow any user to post HTML.  It has a new forum permission which allows you to specify specific users or groups who can post
HTML in specific forums and a user permission which allows the posting of HTML in all forums.</description>

	<author-notes lang="en">Repeat after me:  If my board gets hacked because I allowed somebody to post HTML it is my fault and I can not hold anyone else responsible.  This modification is a major security vulnerability to my board, I am willing to put myself and any others who access this board in danger to have HTML capabilities.

To post any HTML you must put it in [html][/html] tags.
You may create a custom BBCode for the [html] tag if you would like.  However, if the user has permission to display HTML, the BBCode replacement will be over-ridden by the HTML replacement.  If the user does not have permission to display HTML the BBCode replacement will be used as it normally is.</author-notes>

	<author-group>
		<author>
			<username>EXreaction</username>
			<realname>Nathan Guse</realname>
			<homepage>http://www.lithiumstudios.org/</homepage>
			<email>exreaction@lithiumstudios.org</email>
		</author>
	</author-group>

	<mod-version>1.2.3</mod-version>

	<installation>
		<level>easy</level>
		<time>60</time>
		<target-version>3.0.4</target-version>
	</installation>
</header>
<action-group>
	<copy>
		<file from="root/*.*" to="*.*" />
	</copy>
	<diy-instructions lang="en"><![CDATA[Go to yoursite/enable_html.php and to run the database installer with your web browser.]]></diy-instructions>
  </action-group>
</mod>