﻿<?xml version="1.0" encoding="utf-8" standalone="yes" ?>
<?xml-stylesheet type="text/xsl" href="modx.prosilver.en.xsl"?>
<!--For security purposes, please check: http://www.phpbb.com/mods/ for the latest version of this MOD. Although MODs are checked before being allowed in the MODs Database there is no guarantee that there are no security problems within the MOD. No support will be given for MODs not found within the MODs Database which can be found at http://www.phpbb.com/mods/-->
<mod xmlns:xsi="http://www.w3.org/2001/XMLSchema-instance" xmlns="http://www.phpbb.com/mods/xml/modx-1.2.0.xsd">
<header>
	<license>http://opensource.org/licenses/gpl-license.php GNU General Public License v2</license>
	<title lang="en">Money Tracker</title>
	<description lang="en"></description>

	<author-notes lang="en"></author-notes>

	<author-group>
		<author>
			<username>EXreaction</username>
			<realname>Nathan Guse</realname>
			<homepage>http://www.lithiumstudios.org/</homepage>
			<email>exreaction@lithiumstidos.org</email>
		</author>
	</author-group>

	<mod-version>1.0.1</mod-version>

	<installation>
		<level>intermediate</level>
		<time>300</time>
		<target-version>3.0.2</target-version>
	</installation>

	<link-group>
		<link type="template" href="subsilver2.xml" lang="en">subsilver2</link>
	</link-group>
</header>

<action-group>
	<sql><![CDATA[CREATE TABLE `phpbb_money_tracker` (
`bill_id` MEDIUMINT( 8 ) UNSIGNED NOT NULL AUTO_INCREMENT ,
`user_id` MEDIUMINT( 8 ) UNSIGNED NOT NULL DEFAULT '0',
`bill_code` VARCHAR( 255 ) NOT NULL ,
`bill_value` TINYINT( 1 ) UNSIGNED NOT NULL DEFAULT '0',
`bill_year` VARCHAR( 255 ) NOT NULL ,
`bill_zip` VARCHAR( 255 ) NOT NULL ,
`bill_message` MEDIUMTEXT CHARACTER SET utf8 COLLATE utf8_bin NOT NULL ,
`bill_bbcode_uid` VARCHAR( 8 ) NOT NULL ,
`bill_bbcode_bitfield` VARCHAR( 255 ) NOT NULL ,
`bill_bbcode_options` INT( 11 ) NOT NULL ,
`bill_time` INT( 11 ) NOT NULL ,
PRIMARY KEY ( `bill_id` ) ,
INDEX ( `user_id` , `bill_code` )
) CHARACTER SET utf8 COLLATE utf8_bin;

ALTER TABLE `phpbb_users` ADD `bill_count` MEDIUMINT( 8 ) UNSIGNED NOT NULL DEFAULT '0';
ALTER TABLE `phpbb_users` ADD `bill_total` MEDIUMINT( 8 ) UNSIGNED NOT NULL DEFAULT '0';

INSERT INTO `phpbb_config` (`config_name`, `config_value`, `is_dynamic`) VALUES ('money_tracker_count', '0', '1');
INSERT INTO `phpbb_config` (`config_name`, `config_value`, `is_dynamic`) VALUES ('money_tracker_total', '0', '1');
INSERT INTO `phpbb_config` (`config_name`, `config_value`, `is_dynamic`) VALUES ('money_tracker_enable', '1', '0');
INSERT INTO `phpbb_config` (`config_name`, `config_value`, `is_dynamic`) VALUES ('money_tracker_enable_viewtopic', '1', '0');
INSERT INTO `phpbb_config` (`config_name`, `config_value`, `is_dynamic`) VALUES ('money_tracker_enable_points', '1', '0');]]></sql>
	<copy>
		<file from="root/*.*" to="*.*" />
	</copy>
	<open src="includes/acp/info/acp_board.php">
		<edit>
			<find>'modes'		=> array(</find>
			<action type="after-add">				'money_tracker'		=> array('title' => 'ACP_MONEY_TRACKER_SETTINGS', 'auth' => 'acl_a_board', 'cat' => array('ACP_BOARD_CONFIGURATION')),</action>
		</edit>
	</open>
	<open src="includes/acp/acp_board.php">
		<edit>
			<find>		switch ($mode)
		{</find>
			<action type="after-add"><![CDATA[			// Money Tracker
			case 'money_tracker' :
				$user->add_lang('mods/money_tracker');
				$display_vars = array(
					'title'	=> 'ACP_MONEY_TRACKER_SETTINGS',
					'vars'	=> array(
						'legend1'							=> 'ACP_MONEY_TRACKER_SETTINGS',
						'money_tracker_enable'				=> array('lang' => 'ACP_ENABLE_MONEY_TRACKER',		'validate' => 'bool',	'type' => 'radio:yes_no', 'explain' => false),
						'money_tracker_enable_viewtopic'	=> array('lang' => 'ACP_MONEY_TRACKER_VIEWTOPIC',	'validate' => 'bool',	'type' => 'radio:yes_no', 'explain' => false),
						'money_tracker_enable_points'		=> array('lang' => 'ACP_MONEY_TRACKER_POINTS',		'validate' => 'bool',	'type' => 'radio:yes_no', 'explain' => true),
					)
				);
			break;
]]></action>
		</edit>
	</open>
	<open src="includes/functions.php">
		<edit>
			<find>	// application/xhtml+xml not used because of IE
	header('Content-type: text/html; charset=UTF-8');</find>
			<action type="before-add"><![CDATA[	// Money Tracker
	if (isset($config['money_tracker_enable']) && $config['money_tracker_enable'])
	{
		$user->add_lang('mods/money_tracker');
		$template->assign_var('U_MONEY_TRACKER', append_sid("{$phpbb_root_path}money_tracker.$phpEx"));
		if (request_var('mode', '') == 'viewprofile' && request_var('u', 0))
		{
			if (isset($user->data['bill_count']))
			{
				$result = $db->sql_query('SELECT bill_count, bill_total FROM ' . USERS_TABLE . ' WHERE user_id = ' . request_var('u', 0));
				$row = $db->sql_fetchrow($result);
				$db->sql_freeresult($result);
				$template->assign_block_vars('custom_fields', array(
					'PROFILE_FIELD_NAME'		=> $user->lang['BILL_COUNT'],
					'PROFILE_FIELD_VALUE'		=> '<a href="' . append_sid("{$phpbb_root_path}money_tracker.$phpEx", 'u=' . request_var('u', 0)) . '">' . $row['bill_count'] .'</a>',
				));
				$template->assign_block_vars('custom_fields', array(
					'PROFILE_FIELD_NAME'		=> $user->lang['BILL_TOTAL'],
					'PROFILE_FIELD_VALUE'		=> '<a href="' . append_sid("{$phpbb_root_path}money_tracker.$phpEx", 'u=' . request_var('u', 0)) . '">$' . $row['bill_total'] . '</a>',
				));
			}
		}
		$template->assign_vars(array(
			'BILL_COUNT'		=> $config['money_tracker_count'],
			'BILL_TOTAL'		=> $config['money_tracker_total'],
		));
	}]]></action>
		</edit>
	</open>
	<open src="styles/prosilver/template/index_body.html">
		<edit>
			<comment lang="en">Do this for all prosilver based styles.</comment>
			<find><![CDATA[{NEWEST_USER}]]></find>
			<inline-edit>
				<inline-find><![CDATA[{NEWEST_USER}]]></inline-find>
				<inline-action type="after-add"><![CDATA[<!-- IF BILL_COUNT --> &bull; {L_BILL_COUNT_INDEX} <strong>{BILL_COUNT}</strong> &bull; {L_BILL_TOTAL_INDEX} <strong>${BILL_TOTAL}</strong><!-- ENDIF -->]]></inline-action>
			</inline-edit>
		</edit>
	</open>
	<open src="styles/prosilver/template/overall_header.html">
		<edit>
			<comment lang="en">Do this for all prosilver based styles.</comment>
			<find><![CDATA[<li class="icon-faq"><a href="{U_FAQ}" title="{L_FAQ_EXPLAIN}">{L_FAQ}</a></li>]]></find>
			<action type="before-add"><![CDATA[				<!-- IF U_MONEY_TRACKER --><li class="icon-ucp"><a href="{U_MONEY_TRACKER}" title="{L_MONEY_TRACKER}">{L_MONEY_TRACKER}</a></li><!-- ENDIF -->]]></action>
		</edit>
	</open>
	<open src="viewtopic.php">
		<edit>
			<find>'joined'		=> $user->format_date($row['user_regdate']),</find>
			<action type="before-add"><![CDATA[				'bill_count'	=> (isset($row['bill_count'])) ? $row['bill_count'] : false,
				'bill_total'	=> (isset($row['bill_total'])) ? $row['bill_total'] : false,]]></action>
		</edit>
		<edit>
			<find>// Display not already displayed Attachments for this post, we already parsed them. ;)</find>
			<action type="before-add"><![CDATA[	// Money Tracker
	if (!isset($user->lang['BILL_COUNT']))
	{
		$user->add_lang('mods/money_tracker');
	}
	if (isset($user_cache[$poster_id]['bill_count']) && $user_cache[$poster_id]['bill_count'] !== false && isset($config['money_tracker_enable_viewtopic']) && $config['money_tracker_enable_viewtopic'] && isset($config['money_tracker_enable']) && $config['money_tracker_enable'])
	{
		$template->assign_block_vars('postrow.custom_fields', array(
			'PROFILE_FIELD_NAME'		=> $user->lang['BILL_COUNT'],
			'PROFILE_FIELD_VALUE'		=> '<a href="' . append_sid("{$phpbb_root_path}money_tracker.$phpEx", 'u=' . $poster_id) . '">' . $user_cache[$poster_id]['bill_count'] . '</a>',
		));
		$template->assign_block_vars('postrow.custom_fields', array(
			'PROFILE_FIELD_NAME'		=> $user->lang['BILL_TOTAL'],
			'PROFILE_FIELD_VALUE'		=> '<a href="' . append_sid("{$phpbb_root_path}money_tracker.$phpEx", 'u=' . $poster_id) . '">$' . $user_cache[$poster_id]['bill_total'] . '</a>',
		));
	}]]></action>
		</edit>
	</open>
    <diy-instructions lang="en">Purge phpBB3's cache.

Add the new module in the ACP named Money Tracker Settings.</diy-instructions>
</action-group>
</mod>