﻿<?xml version="1.0" encoding="utf-8" standalone="yes" ?>
<?xml-stylesheet type="text/xsl" href="modx.prosilver.en.xsl"?>
<!--For security purposes, please check: http://www.phpbb.com/mods/ for the latest version of this MOD. Although MODs are checked before being allowed in the MODs Database there is no guarantee that there are no security problems within the MOD. No support will be given for MODs not found within the MODs Database which can be found at http://www.phpbb.com/mods/-->
<mod xmlns:xsi="http://www.w3.org/2001/XMLSchema-instance" xmlns="http://www.phpbb.com/mods/xml/modx-1.2.0.xsd">
<header>
	<license>http://opensource.org/licenses/gpl-license.php GNU General Public License v2</license>
	<title lang="en">Money Tracker</title>
	<description lang="en"></description>

	<author-notes lang="en"></author-notes>

	<author-group>
		<author>
			<username>EXreaction</username>
			<realname>Nathan Guse</realname>
			<homepage>http://www.lithiumstudios.org/</homepage>
			<email>exreaction@lithiumstidos.org</email>
		</author>
	</author-group>

	<mod-version>1.0.1</mod-version>

	<installation>
		<level>intermediate</level>
		<time>60</time>
		<target-version>3.0.2</target-version>
	</installation>
</header>

<action-group>
	<open src="styles/subsilver2/template/index_body.html">
		<edit>
			<find><![CDATA[{NEWEST_USER}]]></find>
			<inline-edit>
				<inline-find><![CDATA[{NEWEST_USER}]]></inline-find>
				<inline-action type="after-add"><![CDATA[<!-- IF BILL_COUNT --> | {L_BILL_COUNT_INDEX} <strong>{BILL_COUNT}</strong> | {L_BILL_TOTAL_INDEX} <strong>${BILL_TOTAL}</strong><!-- ENDIF -->]]></inline-action>
			</inline-edit>
		</edit>
	</open>
	<open src="styles/subsilver2/template/overall_header.html">
		<edit>
			<find><![CDATA[<a href="{U_FAQ}"><img src="{T_THEME_PATH}/images/icon_mini_faq.gif" width="12" height="13" alt="*" /> {L_FAQ}</a>]]></find>
			<action type="before-add"><![CDATA[				<!-- IF U_MONEY_TRACKER --><a href="{U_MONEY_TRACKER}"><img src="{T_THEME_PATH}/images/icon_mini_members.gif" width="12" height="13" alt="" /> {L_MONEY_TRACKER}</a>&nbsp; &nbsp;<!-- ENDIF -->]]></action>
		</edit>
	</open>
</action-group>
</mod>