<?xml version="1.0" encoding="utf-8" standalone="yes" ?>
<?xml-stylesheet type="text/xsl" href="modx.prosilver.en.xsl"?>
<!--For security purposes, please check: http://www.phpbb.com/mods/ for the latest version of this MOD. Although MODs are checked before being allowed in the MODs Database there is no guarantee that there are no security problems within the MOD. No support will be given for MODs not found within the MODs Database which can be found at http://www.phpbb.com/mods/-->
<mod xmlns:xsi="http://www.w3.org/2001/XMLSchema-instance" xmlns="http://www.phpbb.com/mods/xml/modx-1.2.5.xsd">
<header>
	<license>http://opensource.org/licenses/gpl-license.php GNU General Public License v2</license>
	<title lang="en">User Blog Mod</title>
	<description lang="en">Adds Blogs to a phpBB3 board.</description>

	<author-notes lang="en">PHP versions less than 5.1.0 are NOT supported.
</author-notes>

	<author-group>
		<author>
			<username>EXreaction</username>
			<realname>Nathan Guse</realname>

		</author>
	</author-group>

	<mod-version>1.0.16</mod-version>

	<installation>
		<level>easy</level>
		<time>1</time>
		<target-version>3.0.10</target-version>
	</installation>
</header>

<action-group>
	<copy>
		<file from="root/*.*" to="*.*" />
	</copy>
	<php-installer>blog/database.php</php-installer>
</action-group>
</mod>