<?xml version="1.0" encoding="utf-8" standalone="yes"?>
<?xml-stylesheet type="text/xsl" href="modx.subsilver.en.xsl"?>
<!--For security purposes, please check: http://www.phpbb.com/mods/ for the latest version of this MOD. Although MODs are checked before being allowed in the MODs Database there is no guarantee that there are no security problems within the MOD. No support will be given for MODs not found within the MODs Database which can be found at http://www.phpbb.com/mods/-->
<mod xmlns:xsi="http://www.w3.org/2001/XMLSchema-instance" xmlns="http://www.phpbb.com/mods/xml/modx-1.0.xsd">
	<header>
		<license>http://opensource.org/licenses/gpl-license.php GNU General Public License v2</license>
		<title lang="en-gb">Anti-spam ACP</title>
		<description lang="en-gb"><![CDATA[Prevents spam bots registering on your forum by removing fields you want in registration and profile form until users reach certain requirements.  If spam bot is detected, it sends an email notification to you with username, IP address, and more.]]></description>
		<author-notes><![CDATA[If you are not able to manually do the SQL sections you may run the db_install.php.  Read more about it below in the SQL section, it tells you what to do.
		My official thread for this mod is here: http://www.lithiumstudios.org/phpBB3/viewtopic.php?f=10&t=4  You may ask for support there or at phpBB.com
		If you would like to support my work, you can do so by donating.  It can take a lot of time to code and support your modifications.  You can donate with PayPal here:
		https://www.paypal.com/cgi-bin/webscr?cmd=_xclick&business=paypal%40lithiumstudios%2eorg&item_name=EXreaction%2fLithium%20Studios&no_shipping=1&cn=Notes&tax=0&currency_code=USD&bn=PP%2dDonationsBF&charset=UTF%2d8]]></author-notes>
		<author-group>
			<author>
				<realname>Nathan Guse</realname>
				<email>exreaction@lithiumstudios.org</email>
				<username>EXreaction</username>
				<homepage>http://www.lithiumstudios.org</homepage>
				<contributions />
			</author>
		</author-group>
		<mod-version>
			<major>1</major>
			<minor>1</minor>
			<revision>01</revision>
		</mod-version>
		<installation>
			<level>intermediate</level>
			<time>720</time>

			<target-version>
				<target-primary>2.0.21</target-primary>
				<target-major allow="exact">2</target-major>
				<target-minor allow="exact">0</target-minor>
			</target-version>
		</installation>
		<history>
		</history>
	</header>
	<action-group>
		<sql><![CDATA[INSERT INTO `phpbb_config` ( `config_name` , `config_value` ) VALUES ('as_acp_icq', 'reg off');
INSERT INTO `phpbb_config` ( `config_name` , `config_value` ) VALUES ('as_acp_aim', 'reg off');
INSERT INTO `phpbb_config` ( `config_name` , `config_value` ) VALUES ('as_acp_msn', 'reg off');
INSERT INTO `phpbb_config` ( `config_name` , `config_value` ) VALUES ('as_acp_yim', 'reg off');
INSERT INTO `phpbb_config` ( `config_name` , `config_value` ) VALUES ('as_acp_web', 'reg off');
INSERT INTO `phpbb_config` ( `config_name` , `config_value` ) VALUES ('as_acp_loc', 'reg off');
INSERT INTO `phpbb_config` ( `config_name` , `config_value` ) VALUES ('as_acp_occ', 'reg off');
INSERT INTO `phpbb_config` ( `config_name` , `config_value` ) VALUES ('as_acp_int', 'reg off');
INSERT INTO `phpbb_config` ( `config_name` , `config_value` ) VALUES ('as_acp_sig', 'reg off');
INSERT INTO `phpbb_config` ( `config_name` , `config_value` ) VALUES ('as_acp_icq_post', '10');
INSERT INTO `phpbb_config` ( `config_name` , `config_value` ) VALUES ('as_acp_aim_post', '10');
INSERT INTO `phpbb_config` ( `config_name` , `config_value` ) VALUES ('as_acp_msn_post', '10');
INSERT INTO `phpbb_config` ( `config_name` , `config_value` ) VALUES ('as_acp_yim_post', '10');
INSERT INTO `phpbb_config` ( `config_name` , `config_value` ) VALUES ('as_acp_web_post', '10');
INSERT INTO `phpbb_config` ( `config_name` , `config_value` ) VALUES ('as_acp_loc_post', '10');
INSERT INTO `phpbb_config` ( `config_name` , `config_value` ) VALUES ('as_acp_occ_post', '10');
INSERT INTO `phpbb_config` ( `config_name` , `config_value` ) VALUES ('as_acp_int_post', '10');
INSERT INTO `phpbb_config` ( `config_name` , `config_value` ) VALUES ('as_acp_sig_post', '10');
INSERT INTO `phpbb_config` ( `config_name` , `config_value` ) VALUES ('as_acp_notify_on_spam', '0');
INSERT INTO `phpbb_config` ( `config_name` , `config_value` ) VALUES ('as_acp_email_for_spam', '');
INSERT INTO `phpbb_config` ( `config_name` , `config_value` ) VALUES ('as_acp_show_email_on_die', '0');
INSERT INTO `phpbb_config` ( `config_name` , `config_value` ) VALUES ('as_acp_version', '1.1.01');
INSERT INTO `phpbb_config` ( `config_name` , `config_value` ) VALUES ('as_acp_bots_stopped', '0');
INSERT INTO `phpbb_config` ( `config_name` , `config_value` ) VALUES ('as_acp_show_bots_stopped', '0');
]]></sql>
		<copy>
			<file from="root/admin/admin_anti_spam.php"  to="admin/admin_anti_spam.php" />
			<file from="root/includes/functions_anti_spam_acp.php"  to="includes/functions_anti_spam_acp.php" />
			<file from="root/language/lang_english/email/admin_spam_message.tpl"  to="language/lang_english/email/admin_spam_message.tpl" />
			<file from="root/templates/subSilver/admin/anti_spam.tpl"  to="templates/subSilver/admin/anti_spam.tpl" />
		</copy>
		<open src="includes/usercp_register.php">
			<edit>
				<find><![CDATA[$error = FALSE;
]]></find>
				<action type="after-add"><![CDATA[// Start Anti-Spam ACP MOD
require($phpbb_root_path . 'includes/functions_anti_spam_acp.'.$phpEx);
// End Anti-Spam ACP MOD
]]></action>
			</edit>
		</open>
		<open src="includes/page_tail.php">
			<edit>
				<find><![CDATA[$template->assign_vars(array(
]]></find>
				<action type="replace-with"><![CDATA[if ($board_config['as_acp_show_bots_stopped'])
{
	$template->assign_block_vars('switch_bots_caught', array());
}

$template->assign_vars(array(
	'L_NUM_BOTS_CAUGHT'	=> $lang['Num_Bots_Caught'],
	'NUM_BOTS_CAUGHT'	=> $board_config['as_acp_bots_stopped'],
]]></action>
			</edit>
		</open>
		
		<open src="language/lang_english/lang_admin.php">
			<edit>
				<find><![CDATA[?>
]]></find>
				<action type="before-add"><![CDATA[// Start Anti-Spam ACP MOD
$lang['Anti_Spam']						= 'Anti-Spam';
$lang['Anti_Spam_ACP']					= 'Anti-Spam ACP';
$lang['Email_Address']					= 'Email Address';
$lang['Email_Address_Explain']			= 'Email address that the spam notifications will get sent to and that will be displayed if you have show email enabled.<br/>To enter multiple email addresses use a comma between each.';
$lang['Show_Email']						= 'Show Email';
$lang['Show_Email_Explain']				= 'Show your email address when a user gets the message die if they enter in something we don't allow.<br/>If this is disabled it will just say to contact the board administrator.';
$lang['Send_Email']						= 'Send notification email';
$lang['Send_Email_Explain']				= 'Sends out a notification email when someone attempts to insert illegal data.';
$lang['L_Test_Mail']					= 'Submit & Test Email';
$lang['L_Test_Mail_Explain']			= 'Send a test email to yourself, an example of one you would get if a spammer tries to do something they are not allowed to do.';
$lang['AS_Page_Settings']				= 'Anti-Spam ACP v%s Settings <a href="http://www.lithiumstudios.org" style="text-decoration:none"><span class="gensmall">&copy;EXreaction</span></a>';
$lang['Click_return_AS_ACP']			= 'Click %sHere%s to return to Anti-Spam Configuration';
$lang['Message_Sent']					= 'Test email has been sent.';
$lang['Always_Off']						= 'Always Off';
$lang['Reg_Off']						= 'Off For Registration';
$lang['On']								= 'Always On';
$lang['By_Post_Count']					= 'Set According to Post Count';
$lang['Post_Count']						= 'Post Count';
$lang['Test_Username']					= 'Test Username';
$lang['Test_Password']					= 'Test Password';
$lang['Test_Email']						= 'test@%s';
$lang['Test_Occupation']				= 'Email Tester';
$lang['Test_Interests']					= 'Sending out Emails';
$lang['Test_Signature']					= 'Thank you for testing the Anti-Spam ACP mod.  Please visit http://www.lithiumstudios.org if you need help.';
$lang['As_Acp_Update_Error']			= 'Errors were reported, the rest of the ';
$lang['As_ACP_up_to_date']				= 'Your version of Anti-Spam ACP is up to date.';
$lang['As_ACP_not_up_to_date']			= 'Your version of Anti-Spam ACP is <b>NOT</b> to date.  Please visit <a href="http://www.lithiumstudios.org/phpBB3/viewtopic.php?f=10&t=4">Lithium Studios</a> to upgrade to the latest version.';
$lang['As_ACP_latest_version_info']		= 'The latest available version is Anti-Spam ACP %s.';
$lang['As_ACP_current_version_info']	= '  You are running %s.';
$lang['Bots_Caught']					= 'Show Amount of Bots Caught in Footer';
$lang['Bots_Caught_Explain']			= 'Turn this on to display "Number of shameful bots caught by Anti-Spam ACP: (number caught)" in the footer on every page.';
// End Anti-Spam ACP MOD
]]></action>
			</edit>
		</open>
		<open src="language/lang_english/lang_main.php">
			<edit>
				<find><![CDATA[?>]]></find>
				<action type="before-add"><![CDATA[// Start Anti-Spam ACP MOD
$lang['Spam_Bot_Yes']			= 'Are you an automated spam-bot? If not, please send an email to %s for help.';
$lang['Spam_Bot_No']			= 'Are you an automated spam-bot? If not, please contact the Board Administrator.';
$lang['Not_Available']			= 'Not available for profile editing.';
$lang['Test_Email_Header']		= 'You sent a test email from';
$lang['Not_Test_Email_Header']	= 'A user just attempted an illegal operation with their profile(while they were %s) on';
$lang['Registering']			= 'registering';
$lang['Editing_Profile']		= 'editing their profile';
$lang['Spam_Bot_Attempt']		= 'Spam Bot attempt at ';
$lang['Num_Bots_Caught']		= 'Number of shameful bots caught by <a href="http://www.lithiumstudios.org" class="copyright">Anti-Spam ACP</a>';
// End Anti-Spam ACP MOD
]]></action>
			</edit>
		</open>
		
		<open src="templates/subSilver/overall_footer.tpl">
			<edit>
				<find><![CDATA[Powered by <a href="http://www.phpbb.com/" target="_phpbb" class="copyright">phpBB</a> &copy; 2001, 2005 phpBB Group<br />{TRANSLATION_INFO}</span></div>]]></find>
				<action type="after-add"><![CDATA[<!-- BEGIN switch_bots_caught -->
<div align="center"><span class="copyright">{L_NUM_BOTS_CAUGHT}: {NUM_BOTS_CAUGHT}</span></div>
<!-- END switch_bots_caught -->
]]></action>
			</edit>
		</open>

		<open src="templates/subSilver/profile_add_body.tpl">
			<edit>
				<find><![CDATA[	<tr> 
	  <td class="catSides" colspan="2" height="28">&nbsp;</td>
	</tr>
	<tr> 
	  <th class="thSides" colspan="2" height="25" valign="middle">{L_PROFILE_INFO}</th>
	</tr>
	<tr> 
	  <td class="row2" colspan="2"><span class="gensmall">{L_PROFILE_INFO_NOTICE}</span></td>
	</tr>
]]></find>
				<action type="replace-with"><![CDATA[<!-- BEGIN switch_edit_all -->
	<tr> 
	  <td class="catSides" colspan="2" height="28">&nbsp;</td>
	</tr>
	<tr> 
	  <th class="thSides" colspan="2" height="25" valign="middle">{L_PROFILE_INFO}</th>
	</tr>
	<tr> 
	  <td class="row2" colspan="2"><span class="gensmall">{L_PROFILE_INFO_NOTICE}</span></td>
	</tr>
<!-- END switch_edit_all -->
]]></action>
			</edit>
			<edit>
				<find><![CDATA[	<tr> 
	  <td class="row1"><span class="gen">{L_ICQ_NUMBER}:</span></td>
	  <td class="row2"> 
		<input type="text" name="icq" class="post" style="width: 100px"  size="10" maxlength="15" value="{ICQ}" />
	  </td>
	</tr>
]]></find>
				<action type="replace-with"><![CDATA[<!-- BEGIN switch_edit_icq -->
	<tr> 
	  <td class="row1"><span class="gen">{L_ICQ_NUMBER}:</span></td>
	  <td class="row2"> 
		<input type="text" name="icq" class="post" style="width: 100px"  size="10" maxlength="15" value="{ICQ}" />
	  </td>
	</tr>
<!-- END switch_edit_icq -->
]]></action>
			</edit>
			<edit>
				<find><![CDATA[	<tr> 
	  <td class="row1"><span class="gen">{L_AIM}:</span></td>
	  <td class="row2"> 
		<input type="text" class="post" style="width: 150px"  name="aim" size="20" maxlength="255" value="{AIM}" />
	  </td>
	</tr>
]]></find>
				<action type="replace-with"><![CDATA[<!-- BEGIN switch_edit_aim -->
	<tr> 
	  <td class="row1"><span class="gen">{L_AIM}:</span></td>
	  <td class="row2"> 
		<input type="text" class="post" style="width: 150px"  name="aim" size="20" maxlength="255" value="{AIM}" />
	  </td>
	</tr>
<!-- END switch_edit_aim -->
]]></action>
			</edit>
			<edit>
				<find><![CDATA[	<tr> 
	  <td class="row1"><span class="gen">{L_MESSENGER}:</span></td>
	  <td class="row2"> 
		<input type="text" class="post" style="width: 150px"  name="msn" size="20" maxlength="255" value="{MSN}" />
	  </td>
	</tr>
]]></find>
				<action type="replace-with"><![CDATA[<!-- BEGIN switch_edit_msn -->
	<tr> 
	  <td class="row1"><span class="gen">{L_MESSENGER}:</span></td>
	  <td class="row2"> 
		<input type="text" class="post" style="width: 150px"  name="msn" size="20" maxlength="255" value="{MSN}" />
	  </td>
	</tr>
<!-- END switch_edit_msn -->
]]></action>
			</edit>
			<edit>
				<find><![CDATA[	<tr> 
	  <td class="row1"><span class="gen">{L_YAHOO}:</span></td>
	  <td class="row2"> 
		<input type="text" class="post" style="width: 150px"  name="yim" size="20" maxlength="255" value="{YIM}" />
	  </td>
	</tr>
]]></find>
				<action type="replace-with"><![CDATA[<!-- BEGIN switch_edit_yim -->
	<tr> 
	  <td class="row1"><span class="gen">{L_YAHOO}:</span></td>
	  <td class="row2"> 
		<input type="text" class="post" style="width: 150px"  name="yim" size="20" maxlength="255" value="{YIM}" />
	  </td>
	</tr>
<!-- END switch_edit_yim -->
]]></action>
			</edit>
			<edit>
				<find><![CDATA[	<tr> 
	  <td class="row1"><span class="gen">{L_WEBSITE}:</span></td>
	  <td class="row2"> 
		<input type="text" class="post" style="width: 200px"  name="website" size="25" maxlength="255" value="{WEBSITE}" />
	  </td>
	</tr>
]]></find>
				<action type="replace-with"><![CDATA[<!-- BEGIN switch_edit_web -->
	<tr> 
	  <td class="row1"><span class="gen">{L_WEBSITE}:</span></td>
	  <td class="row2"> 
		<input type="text" class="post" style="width: 200px"  name="website" size="25" maxlength="255" value="{WEBSITE}" />
	  </td>
	</tr>
<!-- END switch_edit_web -->
]]></action>
			</edit>
			<edit>
				<find><![CDATA[	<tr> 
	  <td class="row1"><span class="gen">{L_LOCATION}:</span></td>
	  <td class="row2"> 
		<input type="text" class="post" style="width: 200px"  name="location" size="25" maxlength="100" value="{LOCATION}" />
	  </td>
	</tr>
]]></find>
				<action type="replace-with"><![CDATA[<!-- BEGIN switch_edit_loc -->
	<tr> 
	  <td class="row1"><span class="gen">{L_LOCATION}:</span></td>
	  <td class="row2"> 
		<input type="text" class="post" style="width: 200px"  name="location" size="25" maxlength="100" value="{LOCATION}" />
	  </td>
	</tr>
<!-- END switch_edit_loc -->
]]></action>
			</edit>
			<edit>
				<find><![CDATA[	<tr> 
	  <td class="row1"><span class="gen">{L_OCCUPATION}:</span></td>
	  <td class="row2"> 
		<input type="text" class="post" style="width: 200px"  name="occupation" size="25" maxlength="100" value="{OCCUPATION}" />
	  </td>
	</tr>
]]></find>
				<action type="replace-with"><![CDATA[<!-- BEGIN switch_edit_occ -->
	<tr> 
	  <td class="row1"><span class="gen">{L_OCCUPATION}:</span></td>
	  <td class="row2"> 
		<input type="text" class="post" style="width: 200px"  name="occupation" size="25" maxlength="100" value="{OCCUPATION}" />
	  </td>
	</tr>
<!-- END switch_edit_occ -->
]]></action>
			</edit>
			<edit>
				<find><![CDATA[	<tr> 
	  <td class="row1"><span class="gen">{L_INTERESTS}:</span></td>
	  <td class="row2"> 
		<input type="text" class="post" style="width: 200px"  name="interests" size="35" maxlength="150" value="{INTERESTS}" />
	  </td>
	</tr>
]]></find>
				<action type="replace-with"><![CDATA[<!-- BEGIN switch_edit_int -->
	<tr> 
	  <td class="row1"><span class="gen">{L_INTERESTS}:</span></td>
	  <td class="row2"> 
		<input type="text" class="post" style="width: 200px"  name="interests" size="35" maxlength="150" value="{INTERESTS}" />
	  </td>
	</tr>
<!-- END switch_edit_int -->
]]></action>
			</edit>
			<edit>
				<find><![CDATA[	<tr> 
	  <td class="row1"><span class="gen">{L_SIGNATURE}:</span><br /><span class="gensmall">{L_SIGNATURE_EXPLAIN}<br /><br />{HTML_STATUS}<br />{BBCODE_STATUS}<br />{SMILIES_STATUS}</span></td>
	  <td class="row2"> 
		<textarea name="signature" style="width: 300px" rows="6" cols="30" class="post">{SIGNATURE}</textarea>
	  </td>
	</tr>
]]></find>
				<action type="replace-with"><![CDATA[<!-- BEGIN switch_edit_sig -->
	<tr> 
	  <td class="row1"><span class="gen">{L_SIGNATURE}:</span><br /><span class="gensmall">{L_SIGNATURE_EXPLAIN}<br /><br />{HTML_STATUS}<br />{BBCODE_STATUS}<br />{SMILIES_STATUS}</span></td>
	  <td class="row2"> 
		<textarea name="signature" style="width: 300px" rows="6" cols="30" class="post">{SIGNATURE}</textarea>
	  </td>
	</tr>
<!-- END switch_edit_sig -->
]]></action>
			</edit>
		</open>
	</action-group>
</mod>