<?xml version="1.0" encoding="utf-8" standalone="yes" ?>
<?xml-stylesheet type="text/xsl" href="modx.prosilver.en.xsl"?>
<!--For security purposes, please check: http://www.phpbb.com/mods/ for the latest version of this MOD. Although MODs are checked before being allowed in the MODs Database there is no guarantee that there are no security problems within the MOD. No support will be given for MODs not found within the MODs Database which can be found at http://www.phpbb.com/mods/-->
<mod xmlns:xsi="http://www.w3.org/2001/XMLSchema-instance" xmlns="http://www.phpbb.com/mods/xml/modx-1.2.2.xsd">
<header>
	<license>http://opensource.org/licenses/gpl-license.php GNU General Public License v2</license>
	<title lang="en">Custom Profile Groups</title>
	<description lang="en">Limit Custom Profile Fields to certain groups</description>

	<author-notes lang="en">Support by the author is only provided at http://www.lithiumstudios.org
A small fee is required for support by the author unless otherwise specified by the author in the release topic.
Bug reports are accepted and, if confirmed as a bug, you will receive support for fixing the bug for free by the mod author.</author-notes>

	<author-group>
		<author>
			<username>EXreaction</username>
			<realname>Nathan Guse</realname>
			<homepage>http://www.lithiumstudios.org/</homepage>
			<email>exreaction@lithiumstudios.org</email>
		</author>
	</author-group>

	<mod-version>1.0.0</mod-version>

	<installation>
		<level>easy</level>
		<time>600</time>
		<target-version>3.0.4</target-version>
	</installation>

	<history>
		<entry>
			<date>2008-03-21</date>
			<rev-version>1.0.0</rev-version>
			<changelog lang="en">
				<change>Initial Release</change>
			</changelog>
		</entry>
	</history>
</header>

<action-group>
	<copy>
		<file from="root/*.*" to="*.*" />
	</copy>
	<open src="adm/style/acp_profile.html">
		<edit>
			<find><![CDATA[		<dl>
			<dt><label for="field_hide">{L_HIDE_PROFILE_FIELD}:</label><br /><span>{L_HIDE_PROFILE_FIELD_EXPLAIN}</span></dt>
			<dd><input type="checkbox" class="radio" id="field_hide" name="field_hide" value="1"<!-- IF S_FIELD_HIDE --> checked="checked"<!-- ENDIF --> /></dd>
		</dl>]]></find>
			<action type="after-add"><![CDATA[		<dl>
			<dt><label for="field_group[]">{L_CP_GROUPS}:</label><br /><span>{L_CP_GROUPS_EXPLAIN_ACP}</span></dt>
			<dd><select name="field_group[]" multiple="true" size="5">
				<option value="">--------</option>
				<!-- BEGIN groups -->
					<option value="{groups.GROUP_ID}"<!-- IF groups.SELECTED --> selected="selected"<!-- ENDIF -->>{groups.GROUP_NAME}</option>
				<!-- END groups -->
			</select></dd>
		</dl>]]></action>
		</edit>
    </open>
	<open src="includes/acp/acp_users.php">
		<edit>
			<find><![CDATA[				$cp->generate_profile_fields('profile', $user_row['iso_lang_id']);]]></find>
			<action type="replace-with"><![CDATA[				$cp->generate_profile_fields('profile', $user_row['iso_lang_id'], $user_id);]]></action>
		</edit>
    </open>
	<open src="includes/acp/acp_profile.php">
		<edit>
			<find><![CDATA[				// step 2]]></find>
			<action type="before-add"><![CDATA[				// Custom Profile Groups
				$exclude[1][] = 'field_group';
				$field_row['field_group'] = ($action == 'edit') ? $field_row['field_group'] : '';
				$cp->vars['field_group'] = (isset($_REQUEST['field_group'])) ? implode('|', request_var('field_group', array(0))) : $field_row['field_group'];]]></action>
		</edit>
		<edit>
			<find><![CDATA[					// Create basic options - only small differences between field types
					case 1:]]></find>
			<action type="after-add"><![CDATA[						// Custom Profile Groups
						$user->add_lang('mods/cp_groups');
						$for_groups = explode('|', $cp->vars['field_group']);
						$sql = 'SELECT group_id, group_name FROM ' . GROUPS_TABLE . '
							WHERE ' . $db->sql_in_set('group_id', array(1, 6), true);
						$result = $db->sql_query($sql);
						while ($row = $db->sql_fetchrow($result))
						{
							$template->assign_block_vars('groups', array(
								'GROUP_ID'		=> $row['group_id'],
								'GROUP_NAME'	=> (isset($user->lang['G_' . $row['group_name']])) ? $user->lang['G_' . $row['group_name']] : $row['group_name'],
								'SELECTED'		=> (in_array($row['group_id'], $for_groups)) ? true : false,
							));
						}
						$db->sql_freeresult($result);]]></action>
		</edit>
		<edit>
			<find><![CDATA[		// Save the field
		$profile_fields = array(]]></find>
			<action type="after-add"><![CDATA[			// Custom Profile Groups
			'field_group'			=> $cp->vars['field_group'],]]></action>
		</edit>
    </open>
	<open src="includes/functions_profile_fields.php">
		<edit>
			<find><![CDATA[	function generate_profile_fields($mode, $lang_id)]]></find>
			<action type="replace-with"><![CDATA[	function generate_profile_fields($mode, $lang_id, $user_id = false)]]></action>
		</edit>
		<edit>
			<find><![CDATA[		$sql_where = '';]]></find>
			<action type="before-add"><![CDATA[		// Custom Profile Groups
		if ($user_id === false)
		{
			global $user;
			$user_id = $user->data['user_id'];
			$group_id = $user->data['group_id'];
		}
		else
		{
			$user_id = (int) $user_id;

			$sql = 'SELECT group_id FROM ' . USERS_TABLE . ' WHERE 	user_id = ' . $user_id;
			$db->sql_query($sql);
			$group_id = $db->sql_fetchfield('group_id');
		}]]></action>
		</edit>
		<edit>
			<find><![CDATA[			// Return templated field]]></find>
			<action type="before-add"><![CDATA[			// Custom Profile Groups
			if (isset($row['field_group']) && $row['field_group'])
			{
				$for_groups = explode('|', $row['field_group']);
				if (!in_array($group_id, $for_groups))
				{
					continue;
				}
			}]]></action>
		</edit>
		<edit>
			<find><![CDATA[	function generate_profile_fields_template($mode, $user_id = 0, $profile_row = false)]]></find>
			<action type="replace-with"><![CDATA[	function generate_profile_fields_template($mode, $user_id = 0, $profile_row = false, $group_id = false)]]></action>
		</edit>
		<edit>
			<find><![CDATA[			foreach ($profile_row as $ident => $ident_ary)
			{]]></find>
			<action type="after-add"><![CDATA[				// Custom Profile Groups
				if ($group_id && isset($this->profile_cache[$ident]['field_group']))
				{
					$for_groups = explode('|', $this->profile_cache[$ident]['field_group']);
					if (!in_array($group_id, $for_groups))
					{
						continue;
					}
				}]]></action>
		</edit>
    </open>
	<open src="memberlist.php">
		<edit>
			<find><![CDATA[			$profile_fields = (isset($profile_fields[$user_id])) ? $cp->generate_profile_fields_template('show', false, $profile_fields[$user_id]) : array();]]></find>
			<action type="replace-with"><![CDATA[			$profile_fields = (isset($profile_fields[$user_id])) ? $cp->generate_profile_fields_template('show', false, $profile_fields[$user_id], $member['group_id']) : array();]]></action>
		</edit>
		<edit>
			<find><![CDATA[					$cp_row = (isset($profile_fields_cache[$user_id])) ? $cp->generate_profile_fields_template('show', false, $profile_fields_cache[$user_id]) : array();]]></find>
			<action type="replace-with"><![CDATA[					$cp_row = (isset($profile_fields_cache[$user_id])) ? $cp->generate_profile_fields_template('show', false, $profile_fields_cache[$user_id], $group_id) : array();]]></action>
		</edit>
    </open>
	<open src="viewtopic.php">
		<edit>
			<find><![CDATA['joined'		=> $user->format_date($row['user_regdate']),]]></find>
			<action type="before-add"><![CDATA[				// Custom Profile Groups
				'group_id'		=> $row['group_id'],]]></action>
		</edit>
		<edit>
			<find><![CDATA[		$cp_row = (isset($profile_fields_cache[$poster_id])) ? $cp->generate_profile_fields_template('show', false, $profile_fields_cache[$poster_id]) : array();]]></find>
			<action type="replace-with"><![CDATA[		$cp_row = (isset($profile_fields_cache[$poster_id])) ? $cp->generate_profile_fields_template('show', false, $profile_fields_cache[$poster_id], ((isset($user_cache[$poster_id]['group_id'])) ? $user_cache[$poster_id]['group_id'] : false)) : array();]]></action>
		</edit>
    </open>
    <diy-instructions lang="en">Go to yoursite/cp_groups.php in your web browser to install the database section.</diy-instructions>
</action-group>
</mod>