﻿<?xml version="1.0" encoding="utf-8" standalone="yes"?>
<?xml-stylesheet type="text/xsl" href="modx.prosilver.en.xsl"?>
<!--For security purposes, please check: http://www.phpbb.com/mods/ for the latest version of this MOD. Although MODs are checked before being allowed in the MODs Database there is no guarantee that there are no security problems within the MOD. No support will be given for MODs not found within the MODs Database which can be found at http://www.phpbb.com/mods/-->
<mod xmlns:xsi="http://www.w3.org/2001/XMLSchema-instance" xmlns="http://www.phpbb.com/mods/xml/modx-1.0.1.xsd">
  <header>
    <license>http://opensource.org/licenses/gpl-license.php GNU General Public License v2</license>
    <title lang="en-GB">Forum Sponsor</title>
    <description lang="en-GB">Allows you to add a forum sponsor (you may use HTML or BBCode for images, etc) for each specific forum.</description>

    <author-notes lang="en-GB">If you need support, please ask on my forum, lithiumstudios.org instead of any other support forum.</author-notes>

    <author-group>
      <author>
        <username>EXreaction</username>
        <realname>Nathan Guse</realname>
        <homepage>http://www.lithiumstudios.org/</homepage>
        <email>exreaction@lithiumstidos.org</email>
      </author>
    </author-group>

    <mod-version>
      <major>1</major>
      <minor>0</minor>
      <revision>0</revision>
    </mod-version>

    <installation>
      <level>easy</level>
      <time>600</time>
      <target-version>
        <target-primary>3.0</target-primary>
        <target-major allow="exact">3</target-major>
        <target-minor allow="exact">0</target-minor>
      </target-version>
    </installation>

    <history>
      <entry>
        <date>2008-01-07</date>
        <rev-version>
          <major>1</major>
          <minor>0</minor>
          <revision>0</revision>
        </rev-version>
        <changelog lang="en-GB">
          <change>Initial relase</change>
        </changelog>
      </entry>
      <entry>
        <date>2008-03-18</date>
        <rev-version>
          <major>1</major>
          <minor>0</minor>
          <revision>1</revision>
        </rev-version>
        <changelog lang="en-GB">
          <change>Fixing a date and moving subsilver2 instructions to templates/subsilver2.xml.  No need to update from 1.0.0</change>
        </changelog>
      </entry>
    </history>
  </header>

  <action-group>
    <copy>
      <file from="root/*" to="*" />
    </copy>
	<open src="adm/style/acp_forums.html">
		<edit>
			<find><![CDATA[<fieldset class="submit-buttons">]]></find>
			<action type="before-add"><![CDATA[

	<!-- INCLUDE acp_forum_sponsor.html -->
]]></action>
		</edit>
    </open>
	<open src="includes/acp/acp_forums.php">
		<edit>
			<find><![CDATA[// Major routines]]></find>
			<action type="before-add"><![CDATA[		// Start Forum Sponsor
		$user->add_lang('mods/forum_sponsor');

		if ($action == 'edit')
		{
			$fs_data = $this->get_forum_info($forum_id);

			if (!$fs_data['forum_sponsor_html'])
			{
				decode_message($fs_data['forum_sponsor'], $fs_data['forum_sponsor_uid']);
				$fs_data['allow_bbcode'] = ($fs_data['forum_sponsor_options'] & OPTION_FLAG_BBCODE) ? true : false;
				$fs_data['allow_smilies'] = ($fs_data['forum_sponsor_options'] & OPTION_FLAG_SMILIES) ? true : false;
				$fs_data['allow_urls'] = ($fs_data['forum_sponsor_options'] & OPTION_FLAG_LINKS) ? true : false;
			}
			else
			{
				$fs_data['allow_bbcode'] = $fs_data['allow_smilies'] = $fs_data['allow_urls'] = false;
			}

			$template->assign_vars(array(
				'FORUM_SPONSOR'				=> $fs_data['forum_sponsor'],
				'S_SPONSOR_HTML_CHECKED'	=> $fs_data['forum_sponsor_html'],
				'S_SPONSOR_BBCODE_CHECKED'	=> $fs_data['allow_bbcode'],
				'S_SPONSOR_SMILIES_CHECKED'	=> $fs_data['allow_smilies'],
				'S_SPONSOR_URLS_CHECKED'	=> $fs_data['allow_urls'],
			));

			unset($fs_data);
		}
		else if ($action == 'add')
		{
			$template->assign_vars(array(
				'S_SPONSOR_BBCODE_CHECKED'	=> true,
				'S_SPONSOR_SMILIES_CHECKED'	=> true,
				'S_SPONSOR_URLS_CHECKED'	=> true,
			));
		}
		// End Forum Sponsor]]></action>
		</edit>
		<edit>
			<find><![CDATA[$forum_data += array(]]></find>
			<action type="before-add"><![CDATA[					// Start Forum Sponsor
					$forum_data += array(
						'forum_sponsor'				=> utf8_normalize_nfc(request_var('forum_sponsor', '', true)),
						'forum_sponsor_uid'			=> '',
						'forum_sponsor_options'		=> 7,
						'forum_sponsor_bitfield'	=> '',
						'forum_sponsor_html'		=> request_var('sponsor_parse_html', false),
					);

					if ($forum_data['forum_sponsor'])
					{
						if ($forum_data['forum_sponsor_html'])
						{
							$forum_data['forum_sponsor'] = htmlspecialchars_decode($forum_data['forum_sponsor']);
							$forum_data['forum_sponsor_options'] = 0;
						}
						else
						{
							generate_text_for_storage($forum_data['forum_sponsor'], $forum_data['forum_sponsor_uid'], $forum_data['forum_sponsor_bitfield'], $forum_data['forum_sponsor_options'], request_var('sponsor_parse_bbcode', false), request_var('sponsor_parse_urls', false), request_var('sponsor_parse_smilies', false));
						}
					}
					// End Forum Sponsor]]></action>
		</edit>
    </open>
	<open src="styles/prosilver/template/viewforum_body.html">
		<edit>
			<find><![CDATA[<!-- IF S_FORUM_RULES -->]]></find>
			<action type="before-add"><![CDATA[<!-- IF FORUM_SPONSOR -->
	<div style="margin: 0 auto; text-align: center;">{FORUM_SPONSOR}</div>

	<br clear="all" />
<!-- ENDIF -->]]></action>
		</edit>
    </open>
	<open src="styles/prosilver/template/viewtopic_body.html">
		<edit>
			<find><![CDATA[<!-- IF S_FORUM_RULES -->]]></find>
			<action type="before-add"><![CDATA[<!-- IF FORUM_SPONSOR -->
	<div style="margin: 0 auto; text-align: center;">{FORUM_SPONSOR}</div>

	<br clear="all" />
<!-- ENDIF -->]]></action>
		</edit>
    </open>
	<open src="viewforum.php">
		<edit>
			<find><![CDATA[generate_forum_rules($forum_data);]]></find>
			<action type="after-add"><![CDATA[
	// Start Forum Sponsor
	if ($forum_data['forum_sponsor'])
	{
		if (!$forum_data['forum_sponsor_html'])
		{
			$forum_data['forum_sponsor'] = generate_text_for_display($forum_data['forum_sponsor'], $forum_data['forum_sponsor_uid'], $forum_data['forum_sponsor_bitfield'], $forum_data['forum_sponsor_options']);
		}

		$template->assign_vars(array(
			'FORUM_SPONSOR'		=> $forum_data['forum_sponsor'],
		));
	}
	// End Forum Sponsor]]></action>
		</edit>
    </open>
	<open src="viewtopic.php">
		<edit>
			<find><![CDATA[generate_forum_rules($topic_data);]]></find>
			<action type="after-add"><![CDATA[
// Start Forum Sponsor
if ($topic_data['forum_sponsor'])
{
	if (!$topic_data['forum_sponsor_html'])
	{
		$topic_data['forum_sponsor'] = generate_text_for_display($topic_data['forum_sponsor'], $topic_data['forum_sponsor_uid'], $topic_data['forum_sponsor_bitfield'], $topic_data['forum_sponsor_options']);
	}

	$template->assign_vars(array(
		'FORUM_SPONSOR'		=> $topic_data['forum_sponsor'],
	));
}
// End Forum Sponsor]]></action>
		</edit>
    </open>
    <diy-instructions lang="en">Run the install.php file you've uploaded to your forums in your web browser, then, once it is finished, remove it.</diy-instructions>
  </action-group>
</mod>