<?xml version="1.0" encoding="utf-8" standalone="yes"?>
<?xml-stylesheet type="text/xsl" href="../../modx.prosilver.en.xsl"?>
<!--For security purposes, please check: http://www.phpbb.com/mods/ for the latest version of this MOD. Although MODs are checked before being allowed in the MODs Database there is no guarantee that there are no security problems within the MOD. No support will be given for MODs not found within the MODs Database which can be found at http://www.phpbb.com/mods/-->
<mod xmlns="http://www.phpbb.com/mods/xml/modx-1.0.1.xsd" xmlns:xsi="http://www.w3.org/2001/XMLSchema-instance">
  <header>
	<license>http://opensource.org/licenses/gpl-license.php GNU General Public License v2</license>
	<title lang="en-gb">Smilies Categories</title>
	<description lang="en-gb">Allows administrators to create categories for smilies.</description>
	<author-notes lang="en-gb"></author-notes>
	<author-group>
	  <author>
		<email>exreaction@lithiumstudios.org</email>
		<homepage>http://www.lithiumstudios.org</homepage>
		<realname>Nathan Guse</realname>
		<username>EXreaction</username>
		<contributions />
	  </author>
	</author-group>
	<mod-version>
	  <major>1</major>
	  <minor>0</minor>
	  <revision>1</revision>
	</mod-version>
	<installation>
	  <level>easy</level>
	  <time>180</time>
	  <target-version>
		<target-primary>3.0.0</target-primary>
		<target-major allow="exact">3</target-major>
		<target-minor allow="exact">0</target-minor>
	  </target-version>
	</installation>
  </header>
  <action-group>
	<copy>
	  <file from="root/*.*" to="*.*" />
	</copy>
	<open src="adm/style/acp_icons.html">
	  <edit>
		<find><![CDATA[	<form id="acp_icons" method="post" action="{U_ACTION}">

	<div style="text-align: right;"><a href="{U_IMPORT}">{L_IMPORT}</a> | <a href="{U_EXPORT}">{L_EXPORT}</a></div>]]></find>
		<action type="before-add"><![CDATA[	<!-- IF S_SMILIES -->
	<div>
		<form method="post" id="categories" action="{U_ACTION}">
			{L_CATEGORY}: <select name="cat_id" id="cat_id" onchange="document.forms['categories'].submit()">
				{CATEGORIES_OPTIONS}
			</select>
		</form>
	</div>
	<!-- ENDIF -->]]></action>
	  </edit>
	</open>
	<open src="includes/acp/acp_icons.php">
	  <edit>
		<find><![CDATA[				$sql = "SELECT *
					FROM $table
					ORDER BY {$fields}_order " . (($icon_id || $action == 'add') ? 'DESC' : 'ASC');
				$result = $db->sql_query($sql);]]></find>
		<action type="replace-with"><![CDATA[				$default = true;
				$cat_id = request_var('cat_id', 0);

				if ($cat_id)
				{
					$cats = get_cats();
					$in_cat = get_smilies_in_cats();
					if (isset($cats[$cat_id]) && isset($in_cat[$cat_id]))
					{
						$default = false;

						//$template->assign_var('L_SMILIES', $user->lang['SMILIES'] . ' &bull; ' . $cats[$cat_id]['cat_name']);

						$sql = 'SELECT *
							FROM ' . SMILIES_TABLE . '
							WHERE ' . $db->sql_in_set('smiley_id', $in_cat[$cat_id]) . '
							ORDER BY smiley_order';
						$result = $db->sql_query($sql);
					}
				}

				if ($default)
				{
					$sql = "SELECT *
						FROM $table
						ORDER BY {$fields}_order " . (($icon_id || $action == 'add') ? 'DESC' : 'ASC');
					$result = $db->sql_query($sql);
				}]]></action>
	  </edit>
	  <edit>
		<find><![CDATA['U_ACTION'			=> $this->u_action,]]></find>
		<action type="replace-with"><![CDATA['U_ACTION'			=> $this->u_action . '&amp;cat_id=' . request_var('cat_id', 0),]]></action>
	  </edit>
	  <edit>
		<find><![CDATA[		$sql = "SELECT *
			FROM $table
			ORDER BY {$fields}_order ASC";
		$result = $db->sql_query($sql);]]></find>
		<action type="replace-with"><![CDATA[		$default = true;
		$cat_id = request_var('cat_id', 0);

		if ($cat_id)
		{
			$cats = get_cats();
			$in_cat = get_smilies_in_cats();
			if (isset($cats[$cat_id]) && isset($in_cat[$cat_id]))
			{
				$default = false;

				$sql = 'SELECT *
					FROM ' . SMILIES_TABLE . '
					WHERE ' . $db->sql_in_set('smiley_id', $in_cat[$cat_id]) . '
					ORDER BY smiley_order';
				$result = $db->sql_query($sql);
			}
		}
		$template->assign_var('CATEGORIES_OPTIONS', smilies_categories_options(array($cat_id)));

		if ($default)
		{
			$sql = "SELECT *
				FROM $table
				ORDER BY {$fields}_order ASC";
			$result = $db->sql_query($sql);
		}]]></action>
	  </edit>
	</open>
	<open src="includes/functions_posting.php">
	  <edit>
		<find><![CDATA[$template->assign_var('CATEGORIES_OPTIONS', smilies_categories_options(array($cat_id)));]]></find>
		<action type="before-add"><![CDATA[		$template->assign_var('S_CAT_ACTION', append_sid("{$phpbb_root_path}posting.$phpEx", 'mode=smilies&amp;f=' . $forum_id));]]></action>
	  </edit>
	</open>
  </action-group>
</mod>