<?xml version="1.0" encoding="utf-8" standalone="yes"?>
<?xml-stylesheet type="text/xsl" href="../../modx.prosilver.en.xsl"?>
<!--For security purposes, please check: http://www.phpbb.com/mods/ for the latest version of this MOD. Although MODs are checked before being allowed in the MODs Database there is no guarantee that there are no security problems within the MOD. No support will be given for MODs not found within the MODs Database which can be found at http://www.phpbb.com/mods/-->
<mod xmlns="http://www.phpbb.com/mods/xml/modx-1.0.1.xsd" xmlns:xsi="http://www.w3.org/2001/XMLSchema-instance">
  <header>
	<license>http://opensource.org/licenses/gpl-license.php GNU General Public License v2</license>
	<title lang="en-gb">Smilies Categories</title>
	<description lang="en-gb">Allows administrators to create categories for smilies.</description>
	<author-notes lang="en-gb"></author-notes>
	<author-group>
	  <author>
		<email>exreaction@lithiumstudios.org</email>
		<homepage>http://www.lithiumstudios.org</homepage>
		<realname>Nathan Guse</realname>
		<username>EXreaction</username>
		<contributions />
	  </author>
	</author-group>
	<mod-version>
	  <major>1</major>
	  <minor>0</minor>
	  <revision>2</revision>
	</mod-version>
	<installation>
	  <level>easy</level>
	  <time>60</time>
	  <target-version>
		<target-primary>3.0.0</target-primary>
		<target-major allow="exact">3</target-major>
		<target-minor allow="exact">0</target-minor>
	  </target-version>
	</installation>
  </header>
  <action-group>
	<open src="includes/acp/acp_icons.php">
	  <edit>
		<find><![CDATA[$switch_order_id = ($action == 'move_down') ? $current_order + 1 : $current_order - 1;]]></find>
		<action type="after-add"><![CDATA[				$cat_id = request_var('cat_id', 0);
				if ($cat_id)
				{
					$cats = get_cats();
					$in_cat = get_smilies_in_cats();
					if (isset($cats[$cat_id]) && isset($in_cat[$cat_id]))
					{
						$sql = 'SELECT *
							FROM ' . SMILIES_TABLE . '
							WHERE ' . $db->sql_in_set('smiley_id', $in_cat[$cat_id]) . '
							ORDER BY smiley_order';
						$result = $db->sql_query($sql);
						while ($row = $db->sql_fetchrow($result))
						{
							if ($action == 'move_up' && $row['smiley_id'] == $icon_id)
							{
								break;
							}
							$switch_order_id = $row['smiley_order'];

							if ($action == 'move_down' && $row['smiley_id'] == $icon_id)
							{
								$row = $db->sql_fetchrow($result);
								$switch_order_id = $row['smiley_order'];
								break;
							}
						}
					}
				}]]></action>
	  </edit>
	  <edit>
		<find><![CDATA[				'U_MOVE_UP'		=> $this->u_action . '&amp;action=move_up&amp;id=' . $row[$fields . '_id'],
				'U_MOVE_DOWN'	=> $this->u_action . '&amp;action=move_down&amp;id=' . $row[$fields . '_id'])]]></find>
		<action type="replace-with"><![CDATA[				'U_MOVE_UP'		=> $this->u_action . '&amp;action=move_up&amp;id=' . $row[$fields . '_id'] . '&amp;cat_id=' . request_var('cat_id', 0),
				'U_MOVE_DOWN'	=> $this->u_action . '&amp;action=move_down&amp;id=' . $row[$fields . '_id'] . '&amp;cat_id=' . request_var('cat_id', 0))]]></action>
	  </edit>

	</open>
  </action-group>
</mod>