﻿<?xml version="1.0" encoding="utf-8" standalone="yes"?>
<?xml-stylesheet type="text/xsl" href="modx.prosilver.en.xsl"?>
<!--For security purposes, please check: http://www.phpbb.com/mods/ for the latest version of this MOD. Although MODs are checked before being allowed in the MODs Database there is no guarantee that there are no security problems within the MOD. No support will be given for MODs not found within the MODs Database which can be found at http://www.phpbb.com/mods/-->
<mod xmlns:xsi="http://www.w3.org/2001/XMLSchema-instance" xmlns="http://www.phpbb.com/mods/xml/modx-1.2.3.xsd">
  <header>
    <license>http://opensource.org/licenses/gpl-license.php GNU General Public License v2</license>
    <title lang="en-GB">Force https ACP</title>
    <description lang="en-GB">Forces any access to the administration control panel to use https.</description>

    <author-notes lang="en-GB">Please test to make sure your server supports https access BEFORE installing this.</author-notes>

    <author-group>
		<author>
			<username>EXreaction</username>
			<realname>Nathan Guse</realname>
			<homepage>http://www.lithiumstudios.org/</homepage>
			<email>exreaction@lithiumstidos.org</email>
		</author>
    </author-group>

    <mod-version>1.0.3</mod-version>

    <installation>
		<level>easy</level>
		<time>60</time>
		<target-version>3.0.6</target-version>
    </installation>

    <history>
		<entry>
			<date>2008-02-24</date>
			<rev-version>1.0.0</rev-version>
			<changelog lang="en-GB">
				<change>Release</change>
			</changelog>
		</entry>
		<entry>
			<date>2008-02-27</date>
			<rev-version>1.0.1</rev-version>
			<changelog lang="en-GB">
				<change>Fixing for IIS installs, also making the Board index link in the header go back to http.</change>
			</changelog>
		</entry>
 		<entry>
			<date>2008-02-27</date>
			<rev-version>1.0.2</rev-version>
			<changelog lang="en-GB">
				<change>No, do not make the board index link http.  Makes the url even nastier and does not work as I thought it would.</change>
			</changelog>
		</entry>
 		<entry>
			<date>2009-11-18</date>
			<rev-version>1.0.3</rev-version>
			<changelog lang="en-GB">
				<change>Fixing the board link</change>
				<change>ModX 1.2.3</change>
				<change>To update from 1.0.2, change 'http://', generate_board_url() . "index.$phpEx" to 'http://', generate_board_url() . "/index.$phpEx" in adm/index.php</change>
			</changelog>
		</entry>
    </history>
  </header>

  <action-group>
	<open src="adm/index.php">
		<edit>
			<find>// End session management</find>
			<action type="after-add"><![CDATA[// Force https for ACP access
if (empty($_SERVER['HTTPS']) || $_SERVER['HTTPS'] == 'off')
{
	redirect(str_replace('http://', 'https://', generate_board_url(true) . $_SERVER['REQUEST_URI'])); 
}]]></action>
		</edit>
		<edit>
			<find><![CDATA['U_INDEX'				=> append_sid("{$phpbb_root_path}index.$phpEx"),]]></find>
			<action type="replace-with"><![CDATA['U_INDEX'				=> append_sid(str_replace('https://', 'http://', generate_board_url() . "/index.$phpEx")),]]></action>
		</edit>
    </open>
  </action-group>
</mod>