<?xml version="1.0" encoding="utf-8" standalone="yes"?>
<?xml-stylesheet type="text/xsl" href="modx.prosilver.en.xsl"?>
<!--For security purposes, please check: http://www.phpbb.com/mods/ for the latest version of this MOD. Although MODs are checked before being allowed in the MODs Database there is no guarantee that there are no security problems within the MOD. No support will be given for MODs not found within the MODs Database which can be found at http://www.phpbb.com/mods/-->
<mod xmlns="http://www.phpbb.com/mods/xml/modx-1.0.1.xsd" xmlns:xsi="http://www.w3.org/2001/XMLSchema-instance">
  <header>
	<license>http://opensource.org/licenses/gpl-license.php GNU General Public License v2</license>
	<title lang="en-gb">Smilies Categories</title>
	<description lang="en-gb">Allows administrators to create categories for smilies.</description>
	<author-notes lang="en-gb"></author-notes>
	<author-group>
	  <author>
		<email>exreaction@lithiumstudios.org</email>
		<homepage>http://www.lithiumstudios.org</homepage>
		<realname>Nathan Guse</realname>
		<username>EXreaction</username>
		<contributions />
	  </author>
	</author-group>
	<mod-version>
	  <major>1</major>
	  <minor>0</minor>
	  <revision>3</revision>
	</mod-version>
	<installation>
	  <level>easy</level>
	  <time>600</time>
	  <target-version>
		<target-primary>3.0.0</target-primary>
		<target-major allow="exact">3</target-major>
		<target-minor allow="exact">0</target-minor>
	  </target-version>
	</installation>

	<history>
		<entry>
			<date>2008-05-11</date>
			<rev-version>
				<major>1</major>
				<minor>0</minor>
				<revision>0</revision>
			</rev-version>
			<changelog lang="en-GB">
				<change>Initial release</change>
			</changelog>
		</entry>
		<entry>
			<date>2008-05-13</date>
			<rev-version>
				<major>1</major>
				<minor>0</minor>
				<revision>1</revision>
			</rev-version>
			<changelog lang="en-GB">
				<change>Adding a selection box to the smilies ACP page.</change>
				<change>Fixing an issue that could have caused issues with some browsers.</change>
				<change>To update, follow the instructions in contrib/update/100_to_101.xml.</change>
			</changelog>
		</entry>
		<entry>
			<date>2008-05-20</date>
			<rev-version>
				<major>1</major>
				<minor>0</minor>
				<revision>2</revision>
			</rev-version>
			<changelog lang="en-GB">
				<change>Fixing a bug when viewing the smilies in a category in the ACP and moving smilies up/down.</change>
				<change>To update, follow the instructions in contrib/update/101_to_102.xml.</change>
			</changelog>
		</entry>
		<entry>
			<date>2008-05-25</date>
			<rev-version>
				<major>1</major>
				<minor>0</minor>
				<revision>3</revision>
			</rev-version>
			<changelog lang="en-GB">
				<change>Fixing a bug which affected topic icons.</change>
				<change>To update, follow the instructions in contrib/update/102_to_103.xml.</change>
			</changelog>
		</entry>
	</history>
  </header>
  <action-group>
	<copy>
	  <file from="root/*.*" to="*.*" />
	</copy>
	<open src="adm/style/acp_icons.html">
	  <edit>
		<find><![CDATA[	<!-- IF S_ADD -->
		<td>{L_ADD}</td>
	<!-- ENDIF -->]]></find>
		<action type="after-add"><![CDATA[	<!-- IF S_SMILIES --><td>{L_CATEGORY}</td><!-- ENDIF -->]]></action>
	  </edit>
	  <edit>
		<find><![CDATA[		<!-- IF S_ADD -->
			<td><input type="checkbox" class="radio" name="add_img[{items.IMG}]" value="1" /></td>
		<!-- ENDIF -->]]></find>
		<action type="after-add"><![CDATA[		<!-- IF S_SMILIES --><td>{items.SMILIES_CATEGORIES_SELECT}</td><!-- ENDIF -->]]></action>
	  </edit>
	  <edit>
		<find><![CDATA[	<form id="acp_icons" method="post" action="{U_ACTION}">

	<div style="text-align: right;"><a href="{U_IMPORT}">{L_IMPORT}</a> | <a href="{U_EXPORT}">{L_EXPORT}</a></div>]]></find>
		<action type="before-add"><![CDATA[	<!-- IF S_SMILIES -->
	<div>
		<form method="post" id="categories" action="{U_ACTION}">
			{L_CATEGORY}: <select name="cat_id" id="cat_id" onchange="document.forms['categories'].submit()">
				{CATEGORIES_OPTIONS}
			</select>
		</form>
	</div>
	<!-- ENDIF -->]]></action>
	  </edit>
	</open>
	<open src="includes/acp/acp_icons.php">
	  <edit>
		<find>		// What are we working on?</find>
		<action type="before-add">		$user->add_lang('mods/smilies_categories');
		include($phpbb_root_path . 'includes/mods/smilies_categories.' . $phpEx);</action>
	  </edit>
	  <edit>
		<find><![CDATA[				$sql = "SELECT *
					FROM $table
					ORDER BY {$fields}_order " . (($icon_id || $action == 'add') ? 'DESC' : 'ASC');
				$result = $db->sql_query($sql);]]></find>
		<action type="replace-with"><![CDATA[				$default = true;
				$cat_id = request_var('cat_id', 0);

				if ($cat_id)
				{
					$cats = get_cats();
					$in_cat = get_smilies_in_cats();
					if (isset($cats[$cat_id]) && isset($in_cat[$cat_id]))
					{
						$default = false;

						//$template->assign_var('L_SMILIES', $user->lang['SMILIES'] . ' &bull; ' . $cats[$cat_id]['cat_name']);

						$sql = 'SELECT *
							FROM ' . SMILIES_TABLE . '
							WHERE ' . $db->sql_in_set('smiley_id', $in_cat[$cat_id]) . '
							ORDER BY smiley_order';
						$result = $db->sql_query($sql);
					}
				}

				if ($default)
				{
					$sql = "SELECT *
						FROM $table
						ORDER BY {$fields}_order " . (($icon_id || $action == 'add') ? 'DESC' : 'ASC');
					$result = $db->sql_query($sql);
				}]]></action>
	  </edit>
	  <edit>
		<find>				$colspan = (($mode == 'smilies') ? '7' : '5');</find>
		<action type="replace-with">				$colspan = (($mode == 'smilies') ? '8' : '5');</action>
	  </edit>
	  <edit>
		<find><![CDATA[				foreach ($data as $img => $img_row)
				{
					$template->assign_block_vars('items', array(]]></find>
		<action type="before-add">				if ($mode == 'smilies')
				{
					$cats_in_smilies = get_cats_in_smilies();
					$row_cnt = 0;
				}</action>
		<action type="after-add"><![CDATA[						'SMILIES_CATEGORIES_SELECT'		=> (($mode == 'smilies') ? smilies_categories_select('cat_id_' . ++$row_cnt, ((isset($img_row[$fields . '_id']) && isset($cats_in_smilies[$img_row[$fields . '_id']])) ? $cats_in_smilies[$img_row[$fields . '_id']] : array())) : ''),]]></action>
	  </edit>
	  <edit>
		<find>				foreach ($images as $image)
				{</find>
		<action type="before-add">				$row_cnt = 0;</action>
		<action type="after-add">					$row_cnt++;</action>
	  </edit>
	  <edit>
		<find><![CDATA[						}
						else if ($action !== 'modify')
						{
							$sql = "INSERT INTO $table " . $db->sql_build_array('INSERT', $img_sql);
							$db->sql_query($sql);
							$icons_updated++;]]></find>
		<action type="before-add">							if ($mode == 'smilies')
							{
								update_smiley_categories($image_id[$image], request_var('cat_id_' . $row_cnt, array(0)));
							}</action>
		<action type="after-add">							if ($mode == 'smilies')
							{
								update_smiley_categories($db->sql_nextid(), request_var('cat_id_' . $row_cnt, array(0)));
							}</action>
	  </edit>
	  <edit>
		<find>				$cache->destroy('_icons');
				$cache->destroy('sql', $table);
				
				$level = E_USER_NOTICE;</find>
		<action type="before-add">				if ($mode == 'smilies')
				{
					resync_cats();
				}</action>
	  </edit>
	  <edit>
		<find><![CDATA[$switch_order_id = ($action == 'move_down') ? $current_order + 1 : $current_order - 1;]]></find>
		<action type="after-add"><![CDATA[				$cat_id = request_var('cat_id', 0);
				if ($cat_id)
				{
					$cats = get_cats();
					$in_cat = get_smilies_in_cats();
					if (isset($cats[$cat_id]) && isset($in_cat[$cat_id]))
					{
						$sql = 'SELECT *
							FROM ' . SMILIES_TABLE . '
							WHERE ' . $db->sql_in_set('smiley_id', $in_cat[$cat_id]) . '
							ORDER BY smiley_order';
						$result = $db->sql_query($sql);
						while ($row = $db->sql_fetchrow($result))
						{
							if ($action == 'move_up' && $row['smiley_id'] == $icon_id)
							{
								break;
							}
							$switch_order_id = $row['smiley_order'];

							if ($action == 'move_down' && $row['smiley_id'] == $icon_id)
							{
								$row = $db->sql_fetchrow($result);
								$switch_order_id = $row['smiley_order'];
								break;
							}
						}
					}
				}]]></action>
	  </edit>
	  <edit>
		<find><![CDATA['U_ACTION'			=> $this->u_action,]]></find>
		<action type="replace-with"><![CDATA['U_ACTION'			=> $this->u_action . '&amp;cat_id=' . request_var('cat_id', 0),]]></action>
	  </edit>
	  <edit>
		<find><![CDATA[		$sql = "SELECT *
			FROM $table
			ORDER BY {$fields}_order ASC";
		$result = $db->sql_query($sql);]]></find>
		<action type="replace-with"><![CDATA[		$default = true;
		$cat_id = request_var('cat_id', 0);

		if ($cat_id)
		{
			$cats = get_cats();
			$in_cat = get_smilies_in_cats();
			if (isset($cats[$cat_id]) && isset($in_cat[$cat_id]))
			{
				$default = false;

				$sql = 'SELECT *
					FROM ' . SMILIES_TABLE . '
					WHERE ' . $db->sql_in_set('smiley_id', $in_cat[$cat_id]) . '
					ORDER BY smiley_order';
				$result = $db->sql_query($sql);
			}
		}
		$template->assign_var('CATEGORIES_OPTIONS', smilies_categories_options(array($cat_id)));

		if ($default)
		{
			$sql = "SELECT *
				FROM $table
				ORDER BY {$fields}_order ASC";
			$result = $db->sql_query($sql);
		}]]></action>
	  </edit>
	  <edit>
		<find><![CDATA[				'U_MOVE_UP'		=> $this->u_action . '&amp;action=move_up&amp;id=' . $row[$fields . '_id'],
				'U_MOVE_DOWN'	=> $this->u_action . '&amp;action=move_down&amp;id=' . $row[$fields . '_id'])]]></find>
		<action type="replace-with"><![CDATA[				'U_MOVE_UP'		=> $this->u_action . '&amp;action=move_up&amp;id=' . $row[$fields . '_id'] . '&amp;cat_id=' . request_var('cat_id', 0),
				'U_MOVE_DOWN'	=> $this->u_action . '&amp;action=move_down&amp;id=' . $row[$fields . '_id'] . '&amp;cat_id=' . request_var('cat_id', 0))]]></action>
	  </edit>
	</open>
	<open src="includes/functions_posting.php">
	  <edit>
		<find><![CDATA[	$sql = 'SELECT *
		FROM ' . SMILIES_TABLE .
		(($mode == 'inline') ? ' WHERE display_on_posting = 1 ' : '') . '
		ORDER BY smiley_order';
	$result = $db->sql_query($sql, 3600);]]></find>
		<action type="replace-with"><![CDATA[	$default = true;
	if ($mode == 'window')
	{
		include($phpbb_root_path . 'includes/mods/smilies_categories.' . $phpEx);
		$cat_id = request_var('cat_id', 0);

		if ($cat_id)
		{
			$cats = get_cats();
			$in_cat = get_smilies_in_cats();
			if (isset($cats[$cat_id]) && isset($in_cat[$cat_id]))
			{
				$default = false;

				//$template->assign_var('L_SMILIES', $user->lang['SMILIES'] . ' &bull; ' . $cats[$cat_id]['cat_name']);

				$sql = 'SELECT *
					FROM ' . SMILIES_TABLE . '
					WHERE ' . $db->sql_in_set('smiley_id', $in_cat[$cat_id]) . '
					ORDER BY smiley_order';
				$result = $db->sql_query($sql);
			}
		}
		$template->assign_var('S_CAT_ACTION', append_sid("{$phpbb_root_path}posting.$phpEx", 'mode=smilies&amp;f=' . $forum_id));
		$template->assign_var('CATEGORIES_OPTIONS', smilies_categories_options(array($cat_id)));
	}

	if ($default)
	{
		$sql = 'SELECT *
			FROM ' . SMILIES_TABLE .
			(($mode == 'inline') ? ' WHERE display_on_posting = 1 ' : '') . '
			ORDER BY smiley_order';
		$result = $db->sql_query($sql, 3600);
	}]]></action>
	  </edit>
	</open>
	<open src="styles/prosilver/template/posting_smilies.html">
	  <edit>
		<find><![CDATA[<script type="text/javascript" src="{T_TEMPLATE_PATH}/editor.js"></script>]]></find>
		<action type="after-add"><![CDATA[
<span style="float: right; padding-top: 5px;">
	<form method="post" id="categories" action="{S_CAT_ACTION}">
		<select name="cat_id" id="cat_id" onchange="document.forms['categories'].submit()">
			{CATEGORIES_OPTIONS}
		</select>
	</form>
</span>
]]></action>
	  </edit>
	</open>
	<diy-instructions lang="en">Go to yoursite/smilies_install/install.php in your web browser to install the database section.

Delete the smilies_install/ folder.</diy-instructions>
  </action-group>
</mod>