﻿<?xml version="1.0" encoding="utf-8" standalone="yes"?>
<?xml-stylesheet type="text/xsl" href="modx.prosilver.en.xsl"?>
<!--For security purposes, please check: http://www.phpbb.com/mods/ for the latest version of this MOD. Although MODs are checked before being allowed in the MODs Database there is no guarantee that there are no security problems within the MOD. No support will be given for MODs not found within the MODs Database which can be found at http://www.phpbb.com/mods/-->
<mod xmlns:xsi="http://www.w3.org/2001/XMLSchema-instance" xmlns="http://www.phpbb.com/mods/xml/modx-1.2.5.xsd">
	<header>
		<license>http://opensource.org/licenses/gpl-license.php GNU General Public License v2</license>
		<title lang="en">Auto Database Backup</title>
		<description lang="en">Automatically backs up your database using the phpBB3 Cron.</description>

		<author-notes lang="en">This will backup your database daily assuming you have a few visitors per day.  If your forum is very inactive this may not be ran daily.

You can also manually go to yoursite/auto_db_backup.php to have the database backed up.

Note that this script will only allow 1 backup per day and any further attempts will be blocked (unless you delete the prior back up made that day).</author-notes>

		<author-group>
			<author>
				<username>EXreaction</username>
				<realname>Nathan Guse</realname>
				<homepage>http://www.lithiumstudios.org/</homepage>
				<email>exreaction@lithiumstidos.org</email>
			</author>
		</author-group>

		<mod-version>1.0.4-pl2</mod-version>

		<installation>
			<level>easy</level>
			<time>60</time>
			<target-version>3.0.11</target-version>
		</installation>
	</header>
	<action-group>
		<open src="cron.php">
			<edit>
				<find><![CDATA[	// backup the DB
	case 'backup' :
		include($phpbb_root_path . 'auto_db_backup.' . $phpEx);

		if ($use_shutdown_function)
		{
			register_shutdown_function('backup_db');
		}
		else
		{
			backup_db();
		}
	break;]]></find>
				<action type="replace-with"><![CDATA[	// backup the DB
	case 'backup' :
		include($phpbb_root_path . 'auto_db_backup.' . $phpEx);

		backup_db();
	break;]]></action>
			</edit>
		</open>
	</action-group>
</mod>
