<?xml version="1.0" encoding="utf-8" standalone="yes"?>
<?xml-stylesheet type="text/xsl" href="modx.prosilver.en.xsl"?>
<!--For security purposes, please check: http://www.phpbb.com/mods/ for the latest version of this MOD. Although MODs are checked before being allowed in the MODs Database there is no guarantee that there are no security problems within the MOD. No support will be given for MODs not found within the MODs Database which can be found at http://www.phpbb.com/mods/-->
<mod xmlns:xsi="http://www.w3.org/2001/XMLSchema-instance" xmlns="http://www.phpbb.com/mods/xml/modx-1.2.3.xsd">
	<header>
		<license>http://opensource.org/licenses/gpl-license.php GNU General Public License v2</license>
		<title lang="en">Advertisement Management</title>
		<description lang="en">Adds an easy to use Advertisement Manager to a phpBB3 forum.</description>

		<author-notes lang="en">Support is only given at my website, http://www.lithiumstudios.org</author-notes>

		<author-group>
			<author>
				<username>EXreaction</username>
				<realname>Nathan Guse</realname>
				<homepage>http://www.lithiumstudios.org/</homepage>
				<email>exreaction@lithiumstudios.org</email>
			</author>
		</author-group>

		<mod-version>1.0.9</mod-version>

		<installation>
			<level>easy</level>
			<time>60</time>
			<target-version>3.0.6</target-version>
		</installation>
	</header>
	<action-group>
		<copy>
			<file from="root/*.*" to="*.*"/>
		</copy>
		<open src="styles/prosilver/template/overall_header.html">
			<edit>
				<find><![CDATA[</head>]]></find>
				<action type="before-add"><![CDATA[<!-- INCLUDE ads/ads.js -->]]></action>
			</edit>
		</open>
		<open src="styles/subsilver2/template/overall_header.html">
			<edit>
				<find><![CDATA[</head>]]></find>
				<action type="before-add"><![CDATA[<!-- INCLUDE ads/ads.js -->]]></action>
			</edit>
		</open>
	</action-group>
</mod>
