<?xml version="1.0" encoding="utf-8" standalone="yes"?>
<?xml-stylesheet type="text/xsl" href="modx.prosilver.en.xsl"?>
<!--For security purposes, please check: http://www.phpbb.com/mods/ for the latest version of this MOD. Although MODs are checked before being allowed in the MODs Database there is no guarantee that there are no security problems within the MOD. No support will be given for MODs not found within the MODs Database which can be found at http://www.phpbb.com/mods/-->
<mod xmlns:xsi="http://www.w3.org/2001/XMLSchema-instance" xmlns="http://www.phpbb.com/mods/xml/modx-1.2.3.xsd">
	<header>
		<license>http://opensource.org/licenses/gpl-license.php GNU General Public License v2</license>
		<title lang="en-gb">FAQ Manager</title>
		<description lang="en-gb">Adds an easy to use FAQ Manager to the ACP.</description>
		<author-group>
			<author>
				<realname>Nathan Guse</realname>
				<email>exreaction@lithiumstudios.org</email>
				<username>EXreaction</username>
				<homepage>http://www.lithiumstudios.org</homepage>
			</author>
		</author-group>
		<mod-version>1.2.6</mod-version>
		<installation>
			<level>easy</level>
			<time>60</time>
			<target-version>3.0.6</target-version>
		</installation>
		<history>
			<entry>
				<date>2007-11-15</date>
				<rev-version>1.0.0</rev-version>
				<changelog lang="en-gb">
					<change>Initial Release</change>
				</changelog>
			</entry>
			<entry>
				<date>2007-11-16</date>
				<rev-version>1.0.1</rev-version>
				<changelog lang="en-gb">
					<change>Now there are no file edits needed.</change>
				</changelog>
			</entry>
			<entry>
				<date>2007-11-16</date>
				<rev-version>1.0.2</rev-version>
				<changelog lang="en-gb">
					<change>Well, wouldn't you know it, we do need that file edit because loading the language file afterwards doesn't work as I thought it would! :(.</change>
				</changelog>
			</entry>
			<entry>
				<date>2007-11-17</date>
				<rev-version>1.0.3</rev-version>
				<changelog lang="en-gb">
					<change>Bug fix for loading other languages.</change>
				</changelog>
			</entry>
			<entry>
				<date>2007-11-17</date>
				<rev-version>1.1.0</rev-version>
				<changelog lang="en-gb">
					<change>I have rebuilt the entire system because of some limitations and bugs that needed to be fixed.</change>
				</changelog>
			</entry>
			<entry>
				<date>2007-11-18</date>
				<rev-version>1.1.1</rev-version>
				<changelog lang="en-gb">
					<change>A function that was used did not support PHP4, that has been fixed now.</change>
				</changelog>
			</entry>
			<entry>
				<date>2007-11-19</date>
				<rev-version>1.1.2</rev-version>
				<changelog lang="en-gb">
					<change>Was not properly decoding HTML Entities or escaping single quotes.</change>
				</changelog>
			</entry>
			<entry>
				<date>2007-12-22</date>
				<rev-version>1.2.0</rev-version>
				<changelog lang="en-gb">
					<change>Now there are no file edits needed!  No need to upgrade if you've already installed it.</change>
				</changelog>
			</entry>
			<entry>
				<date>2008-02-08</date>
				<rev-version>1.2.1</rev-version>
				<changelog lang="en-gb">
					<change>A few misc changes to clean up the code a bit (notes from the Mod Team).  To update from 1.2.0 just upload the new files.</change>
				</changelog>
			</entry>
			<entry>
				<date>2008-02-12</date>
				<rev-version>1.2.2</rev-version>
				<changelog lang="en-gb">
					<change>From a suggestion by ChriZathens, the file find function now searches for files within directories inside of the language directory.  To update from 1.2.1 just upload the new includes/acp/acp_faq_manager.php file.</change>
				</changelog>
			</entry>
			<entry>
				<date>2008-03-06</date>
				<rev-version>1.2.3</rev-version>
				<changelog lang="en-gb">
					<change>Fixing 2 bugs, one with the blank page after selecting No to delete an item, and the other with not being able to add categories if there is nothing in the FAQ file.  To upgrade from 1.2.2 just upload the files.</change>
				</changelog>
			</entry>
			<entry>
				<date>2008-03-12</date>
				<rev-version>1.2.4</rev-version>
				<changelog lang="en-gb">
					<change>Ok, I do not know what happened last time, seems that the files from 1.2.2 were used in the package.  Fixed that and also found and fixed a bug while doing so.</change>
				</changelog>
			</entry>
			<entry>
				<date>2008-05-20</date>
				<rev-version>1.2.5</rev-version>
				<changelog lang="en-gb">
					<change>Fixing a bug with quotes when editing the title.</change>
					<change>To update from 1.2.4 upload the root/includes/acp/acp_faq_manager.php file to includes/acp/acp_faq_manager.php.</change>
				</changelog>
			</entry>
			<entry>
				<date>2009-11-18</date>
				<rev-version>1.2.6</rev-version>
				<changelog lang="en-gb">
					<change>Some tiny changes.</change>
					<change>Using a UMIL installer now.</change>
					<change>ModX 1.2.3</change>
					<change>To update from 1.2.5 upload the root/includes/acp/acp_faq_manager.php file to includes/acp/acp_faq_manager.php.</change>
				</changelog>
			</entry>
		</history>
	</header>
  <action-group>
    <copy>
      <file from="root/*.*" to="*.*" />
    </copy>
    <diy-instructions lang="en-gb">Run the faq_manager.php file from your browser to install the FAQ Manager Module.</diy-instructions>
  </action-group>
</mod>