<?xml version="1.0" encoding="utf-8" standalone="yes" ?>
<?xml-stylesheet type="text/xsl" href="modx.prosilver.en.xsl"?>
<!--For security purposes, please check: http://www.phpbb.com/mods/ for the latest version of this MOD. Although MODs are checked before being allowed in the MODs Database there is no guarantee that there are no security problems within the MOD. No support will be given for MODs not found within the MODs Database which can be found at http://www.phpbb.com/mods/-->
<mod xmlns:xsi="http://www.w3.org/2001/XMLSchema-instance" xmlns="http://www.phpbb.com/mods/xml/modx-1.2.1.xsd">
<header>
    <license>http://opensource.org/licenses/gpl-license.php GNU General Public License v2</license>
    <title lang="en">User Blog Mod Extended</title>
    <description lang="en">Extends the User Blog Mod to be more integrated with phpBB3.</description>

    <author-notes lang="en">You must have the User Blog Mod installed before this (if it was not obvious).</author-notes>

    <author-group>
      <author>
        <username>EXreaction</username>
        <realname>Nathan Guse</realname>
        <homepage>http://www.lithiumstudios.org/</homepage>
        <email>exreaction@lithiumstudios.org</email>
      </author>
    </author-group>

	<mod-version>1.0.8</mod-version>

	<installation>
		<level>easy</level>
		<time>1</time>
		<target-version>3.0.3</target-version>
	</installation>
</header>

<action-group>
</action-group>
</mod>