<?xml version="1.0" encoding="utf-8" standalone="yes" ?>
<?xml-stylesheet type="text/xsl" href="modx.prosilver.en.xsl"?>
<!--For security purposes, please check: http://www.phpbb.com/mods/ for the latest version of this MOD. Although MODs are checked before being allowed in the MODs Database there is no guarantee that there are no security problems within the MOD. No support will be given for MODs not found within the MODs Database which can be found at http://www.phpbb.com/mods/-->
<mod xmlns:xsi="http://www.w3.org/2001/XMLSchema-instance" xmlns="http://www.phpbb.com/mods/xml/modx-1.2.1.xsd">
<header>
	<license>http://opensource.org/licenses/gpl-license.php GNU General Public License v2</license>
	<title lang="en">User Blog Mod</title>
	<description lang="en">Adds Blogs to a phpBB3 board.</description>

	<author-notes lang="en">PHP versions less than 5.1.0 are NOT supported.
Support will only be given at my website - http://www.lithiumstudios.org.</author-notes>

	<author-group>
		<author>
			<username>EXreaction</username>
			<realname>Nathan Guse</realname>
			<homepage>http://www.lithiumstudios.org/</homepage>
			<email>exreaction@lithiumstudios.org</email>
		</author>
	</author-group>

	<mod-version>1.0.7</mod-version>

	<installation>
		<level>easy</level>
		<time>180</time>
		<target-version>3.0.2</target-version>
	</installation>
</header>

<action-group>
	<copy>
		<file from="root/*.*" to="*.*" />
	</copy>
	<open src="includes/acp/acp_language.php">
		<edit>
			<find><![CDATA[, 'button_topic_reply']]></find>
			<inline-edit>
				<inline-find><![CDATA[, 'button_topic_reply']]></inline-find>
				<inline-action type="after-add"><![CDATA[, 'button_blog_new']]></inline-action>
			</inline-edit>
		</edit>
	</open>
	<open src="includes/acp/acp_styles.php">
		<edit>
			<find><![CDATA[, 'button_topic_reply']]></find>
			<inline-edit>
				<inline-find><![CDATA[, 'button_topic_reply']]></inline-find>
				<inline-action type="after-add"><![CDATA[, 'button_blog_new']]></inline-action>
			</inline-edit>
		</edit>
	</open>
	<open src="styles/prosilver/imageset/en/imageset.cfg">
		<edit>
			<comment lang="en">Do this for all prosilver based styles and all languages.</comment>
			<find><![CDATA[img_button_topic_reply = button_topic_reply.gif*25*96]]></find>
			<action type="after-add"><![CDATA[
# User Blog Mod
img_button_blog_new = button_blog_new.gif*25*96]]></action>
		</edit>
	</open>
	<diy-instructions lang="en">Go to ACP->Styles->Style Components->Theme, then hit the Refresh button next to prosilver.
Go to ACP->Styles->Style Components->Imageset, then hit the Refresh button next to prosilver.

Go to yoursite/blog.php?page=update in your web browser to update the database.</diy-instructions>
</action-group>
</mod>