<?xml version="1.0" encoding="utf-8" standalone="yes" ?>
<?xml-stylesheet type="text/xsl" href="modx.prosilver.en.xsl"?>
<!--For security purposes, please check: http://www.phpbb.com/mods/ for the latest version of this MOD. Although MODs are checked before being allowed in the MODs Database there is no guarantee that there are no security problems within the MOD. No support will be given for MODs not found within the MODs Database which can be found at http://www.phpbb.com/mods/-->
<mod xmlns:xsi="http://www.w3.org/2001/XMLSchema-instance" xmlns="http://www.phpbb.com/mods/xml/modx-1.2.5.xsd">
<header>
	<license>http://opensource.org/licenses/gpl-license.php GNU General Public License v2</license>
	<title lang="en">Akismet for phpBB3</title>
	<description lang="en">Possibly the best way in the world to protect you from web spam, now fully integrated with phpBB3.

Akismet (for phpBB3) filters out your comment spam for you, so you can focus on more important things.</description>

	<author-notes lang="en">PHP5 is required, if your host does not support PHP5, find a new one.

Support by the author is only provided at http://www.lithiumstudios.org</author-notes>

	<author-group>
		<author>
			<username>EXreaction</username>
			<realname>Nathan Guse</realname>
			<homepage>http://www.lithiumstudios.org/</homepage>
			<email>exreaction@lithiumstudios.org</email>
		</author>
	</author-group>

	<mod-version>1.0.1</mod-version>

	<installation>
		<level>easy</level>
		<time>60</time>
		<target-version>3.0.10</target-version>
	</installation>

	<history>
		<entry>
			<date>2012-06-26</date>
			<rev-version>1.0.0</rev-version>
			<changelog lang="en">
				<change>Initial release</change>
			</changelog>
		</entry>
		<entry>
			<date>2012-07-12</date>
			<rev-version>1.0.1</rev-version>
			<changelog lang="en">
				<change>Security - Do not allow unauthorized users to "remove spam." Thanks jsebean for noticing this and letting me know.</change>
			</changelog>
		</entry>
	</history>
</header>

<action-group>
	<copy>
		<file from="root/*.*" to="*.*" />
	</copy>
	<open src="viewtopic.php">
		<edit>
			<find><![CDATA[	// Start phpBB-Akismet
	if (isset($config['phpbb_akismet_version']) && $config['phpbb_akismet_enabled'] && $config['phpbb_akismet_key'])
	{
		if (!isset($user->lang['AKISMET']))
		{
			$user->add_lang('mods/phpbb_akismet');
		}
		
		if (!$row['akismet_spam'])
		{
			$template->assign_block_vars('postrow.custom_fields', array(
				'PROFILE_FIELD_NAME'		=> $user->lang['AKISMET'],
				'PROFILE_FIELD_VALUE'		=> '<a href="' . append_sid("{$phpbb_root_path}phpbb_akismet.$phpEx", "p={$row['post_id']}") . '">' . $user->lang['PHPBB_AKISMET_REMOVE_SPAM'] . '</a>',
			));
		}
	}
	// End phpBB-Akismet]]></find>
			<action type="replace-with"><![CDATA[	// Start phpBB-Akismet
	if (isset($config['phpbb_akismet_version']) && $config['phpbb_akismet_enabled'] && $config['phpbb_akismet_key'])
	{
		if (!isset($user->lang['AKISMET']))
		{
			$user->add_lang('mods/phpbb_akismet');
		}

		if (!$row['akismet_spam'] && $auth->acl_get('m_delete', $row['forum_id']) && $poster_id != $user->data['user_id'])
		{
			$template->assign_block_vars('postrow.custom_fields', array(
				'PROFILE_FIELD_NAME'		=> $user->lang['AKISMET'],
				'PROFILE_FIELD_VALUE'		=> '<a href="' . append_sid("{$phpbb_root_path}phpbb_akismet.$phpEx", "p={$row['post_id']}") . '">' . $user->lang['PHPBB_AKISMET_REMOVE_SPAM'] . '</a>',
			));
		}
	}
	// End phpBB-Akismet]]></action>
		</edit>
    </open>
</action-group>
</mod>