<?xml version="1.0" encoding="utf-8" standalone="yes"?>
<?xml-stylesheet type="text/xsl" href="./modx.prosilver.en.xsl"?>
<!--For security purposes, please check: http://www.phpbb.com/mods/ for the latest version of this MOD. Although MODs are checked before being allowed in the MODs Database there is no guarantee that there are no security problems within the MOD. No support will be given for MODs not found within the MODs Database which can be found at http://www.phpbb.com/mods/-->
<mod xmlns:xsi="http://www.w3.org/2001/XMLSchema-instance" xmlns="http://www.phpbb.com/mods/xml/modx-1.2.1.xsd">
	<header>
		<license>http://opensource.org/licenses/gpl-license.php GNU General Public License v2</license>
		<title lang="en">Advertisement Management</title>
		<description lang="en">Adds an easy to use Advertisement Manager to a phpBB3 forum.</description>

		<author-notes lang="en"></author-notes>

		<author-group>
			<author>
				<username>EXreaction</username>
				<realname>Nathan Guse</realname>
				<homepage>http://www.lithiumstudios.org/</homepage>
				<email>exreaction@lithiumstudios.org</email>
			</author>
		</author-group>

		<mod-version>1.0.8</mod-version>

		<installation>
			<level>easy</level>
			<time>120</time>
			<target-version>3.0.4</target-version>
		</installation>
	</header>
	<action-group>
		<open src="styles/subsilver2/template/overall_footer.html">
			<edit>
				<find><![CDATA[</div>]]></find>
				<action type="after-add"><![CDATA[<!-- IF ADS_7 -->{ADS_7}<br /><br /><!-- ENDIF -->]]></action>
			</edit>
			<edit>
				<find><![CDATA[</body>]]></find>
				<action type="before-add"><![CDATA[<!-- IF ADS_8 --><br />{ADS_8}<!-- ENDIF -->]]></action>
			</edit>
		</open>
		<open src="styles/subsilver2/template/overall_header.html">
			<edit>
				<find><![CDATA[</head>]]></find>
				<action type="before-add"><![CDATA[<!-- INCLUDE ads/ads.js -->]]></action>
			</edit>
			<edit>
				<find><![CDATA[<div id="wrapheader">]]></find>
				<action type="after-add"><![CDATA[	<!-- IF ADS_1 -->{ADS_1}<br /><!-- ENDIF -->]]></action>
			</edit>
			<edit>
				<find><![CDATA[<div id="wrapcentre">]]></find>
				<action type="before-add"><![CDATA[<!-- IF ADS_2 -->{ADS_2}<br /><!-- ENDIF -->]]></action>
			</edit>
		</open>
		<open src="styles/subsilver2/template/viewtopic_body.html">
			<edit>
				<find><![CDATA[<div id="pagecontent">]]></find>
				<action type="before-add"><![CDATA[<!-- IF ADS_3 -->{ADS_3}<br /><!-- ENDIF -->]]></action>
			</edit>
			<edit>
				<find><![CDATA[<!-- END postrow -->]]></find>

				<action type="before-add"><![CDATA[	<!-- IF postrow.S_FIRST_ROW -->{ADS_5}<!-- ELSE -->{ADS_6}<!-- ENDIF -->]]></action>
			</edit>
			<edit>
				<find><![CDATA[<div id="pagefooter"></div>]]></find>
				<action type="before-add"><![CDATA[<!-- IF ADS_4 -->{ADS_4}<br /><!-- ENDIF -->]]></action>
			</edit>
		</open>
	</action-group>
</mod>
