<?xml version="1.0" encoding="utf-8" standalone="yes"?>
<?xml-stylesheet type="text/xsl" href="modx.prosilver.en.xsl"?>
<!--For security purposes, please check: http://www.phpbb.com/mods/ for the latest version of this MOD. Although MODs are checked before being allowed in the MODs Database there is no guarantee that there are no security problems within the MOD. No support will be given for MODs not found within the MODs Database which can be found at http://www.phpbb.com/mods/-->
<mod xmlns:xsi="http://www.w3.org/2001/XMLSchema-instance" xmlns="http://www.phpbb.com/mods/xml/modx-1.0.xsd">
	<header>
		<license>http://opensource.org/licenses/gpl-license.php GNU General Public License v2</license>
		<title lang="en-gb">Drag 'n Drop Forum List</title>
		<description lang="en-gb"><![CDATA[Allows each viewer of your forum to customize the organization of the forum listing with Drag 'n Drop, and saves the layout via cookies.]]></description>
		<author-notes lang="en-gb"><![CDATA[Please report any bugs/problems at my website: http://www.lithiumstudios.org

This mod is only possible because of the Javascript code I've found which was made by Tim Taylor Consulting <http://tool-man.org>

Original Javascript code was found here:
http://www.java2s.com/Code/JavaScript/GUI-Components/Dragablesortedlist.htm]]></author-notes>
		<author-group>
			<author>
				<realname>Nathan Guse</realname>
				<email>exreaction@lithiumstudios.org</email>
				<username>EXreaction</username>
				<homepage>http://www.lithiumstudios.org</homepage>
				<contributions />
			</author>
		</author-group>
		<mod-version>
			<major>1</major>
			<minor>0</minor>
			<revision>0</revision>
		</mod-version>
		<installation>
			<level>easy</level>
			<time>60</time>
			<target-version>
				<target-primary>3.0.RC8</target-primary>
				<target-major allow="exact">3</target-major>
				<target-minor allow="exact">0</target-minor>
			</target-version>
		</installation>
		<history>
			<entry>
				<date>2007-12-09</date>
				<rev-version>
					<major>1</major>
					<minor>0</minor>
					<revision>0</revision>
				</rev-version>
				<changelog lang="en-gb">
					<change>Initial Release</change>
				</changelog>
			</entry>
		</history>
	</header>
  <action-group>
    <copy>
      <file from="root/styles/prosilver/template/mods/drag.js" to="styles/prosilver/template/mods/drag.js" />
    </copy>
    <open src="styles/prosilver/template/forumlist_body.html">
      <edit>
        <find><![CDATA[<!-- BEGIN forumrow -->]]></find>
		<action type="before-add"><![CDATA[<!-- INCLUDE mods/drag.js -->]]></action>
	  </edit>
      <edit>
        <find><![CDATA[<ul class="topiclist forums">]]></find>
        <inline-edit>
          <inline-find>></inline-find>
          <inline-action type="before-add"><![CDATA[ id="{forumrow.FORUM_ID}"]]></inline-action>
        </inline-edit>
      </edit>
      <edit>
        <find><![CDATA[<li class="row">]]></find>
        <inline-edit>
          <inline-find>></inline-find>
          <inline-action type="before-add"><![CDATA[ itemid="{forumrow.FORUM_ID}"]]></inline-action>
        </inline-edit>
	  </edit>
    </open>
  </action-group>
</mod>