﻿<?xml version="1.0" encoding="utf-8" standalone="yes"?>
<?xml-stylesheet type="text/xsl" href="modx.prosilver.en.xsl"?>
<!--For security purposes, please check: http://www.phpbb.com/mods/ for the latest version of this MOD. Although MODs are checked before being allowed in the MODs Database there is no guarantee that there are no security problems within the MOD. No support will be given for MODs not found within the MODs Database which can be found at http://www.phpbb.com/mods/-->
<mod xmlns:xsi="http://www.w3.org/2001/XMLSchema-instance" xmlns="http://www.phpbb.com/mods/xml/modx-1.2.5.xsd">
	<header>
		<license>http://opensource.org/licenses/gpl-license.php GNU General Public License v2</license>
		<title lang="en">Auto Database Backup</title>
		<description lang="en">Automatically backs up your database using the phpBB3 Cron.</description>

		<author-notes lang="en">This will backup your database daily assuming you have a few visitors per day.  If your forum is very inactive this may not be ran daily.

You can also manually go to yoursite/auto_db_backup.php to have the database backed up.

Note that this script will only allow 1 backup per day and any further attempts will be blocked (unless you delete the prior back up made that day).</author-notes>

		<author-group>
			<author>
				<username>EXreaction</username>
				<realname>Nathan Guse</realname>
				<homepage>http://www.lithiumstudios.org/</homepage>
				<email>exreaction@lithiumstidos.org</email>
			</author>
		</author-group>

		<mod-version>1.0.4-pl1</mod-version>

		<installation>
			<level>easy</level>
			<time>180</time>
			<target-version>3.0.11</target-version>
		</installation>

		<history>
			<entry>
				<date>2008-06-27</date>
				<rev-version>1.0.0</rev-version>
				<changelog lang="en">
					<change>Initial Release</change>
				</changelog>
			</entry>
			<entry>
				<date>2008-07-05</date>
				<rev-version>1.0.1</rev-version>
				<changelog lang="en">
					<change>Fixing a bug.  To upgrade just upload the new files.</change>
				</changelog>
			</entry>
			<entry>
				<date>2008-12-09</date>
				<rev-version>1.0.2</rev-version>
				<changelog lang="en">
					<change>Fixing to work on 3.0.3</change>
					<change>To upgrade just upload the new files.</change>
				</changelog>
			</entry>
			<entry>
				<date>2009-07-04</date>
				<rev-version>1.0.3</rev-version>
				<changelog lang="en">
					<change>Some cleanup</change>
					<change>To upgrade just upload the new files.</change>
				</changelog>
			</entry>
			<entry>
				<date>2010-07-14</date>
				<rev-version>1.0.4</rev-version>
				<changelog lang="en">
					<change>Use phpbb_chmod on the backup file to minimize the file permissions, potentially increasing security on shared servers.</change>
					<change>To upgrade just upload the new files.</change>
				</changelog>
			</entry>
			<entry>
				<date>2012-08-25</date>
				<rev-version>1.0.4-pl1</rev-version>
				<changelog lang="en">
					<change>Update for phpBB 3.0.11</change>
					<change>No updates are neccessary from 1.0.4</change>
				</changelog>
			</entry>
		</history>
	</header>
	<action-group>
		<sql><![CDATA[INSERT INTO phpbb_config (config_name, config_value, is_dynamic) VALUES ('backup_gc', 86400, 0);
INSERT INTO phpbb_config (config_name, config_value, is_dynamic) VALUES ('backup_last_gc', 0, 1);]]></sql>
		<copy>
			<file from="root/store/auto_backup/index.htm" to="store/auto_backup/index.htm"/>
			<file from="root/auto_db_backup.php" to="auto_db_backup.php"/>
		</copy>
		<open src="includes/functions.php">
			<edit>
				<find><![CDATA[			$cron_type = 'tidy_sessions';
		}]]></find>
				<action type="after-add"><![CDATA[		else if (time() - $config['backup_gc'] > $config['backup_last_gc'])
		{
			// backup the db
			$cron_type = 'backup';
		}]]></action>
			</edit>
		</open>
		<open src="cron.php">
			<edit>
				<find><![CDATA[}

// Unloading cache and closing db after having done the dirty work.]]></find>
				<action type="before-add"><![CDATA[	// backup the DB
	case 'backup' :
		include($phpbb_root_path . 'auto_db_backup.' . $phpEx);

		if ($use_shutdown_function)
		{
			register_shutdown_function('backup_db');
		}
		else
		{
			backup_db();
		}
	break;]]></action>
			</edit>
		</open>
	<diy-instructions lang="en">Purge phpBB3's Cache.  CHMOD the store/auto_backup/ folder to 777.</diy-instructions>
	</action-group>
</mod>
