<?xml version="1.0" encoding="utf-8" standalone="yes"?>
<?xml-stylesheet type="text/xsl" href="modx.prosilver.en.xsl"?>
<!--For security purposes, please check: http://www.phpbb.com/mods/ for the latest version of this MOD. Although MODs are checked before being allowed in the MODs Database there is no guarantee that there are no security problems within the MOD. No support will be given for MODs not found within the MODs Database which can be found at http://www.phpbb.com/mods/-->
<mod xmlns:xsi="http://www.w3.org/2001/XMLSchema-instance" xmlns="http://www.phpbb.com/mods/xml/modx-1.2.0.xsd">
	<header>
		<license>http://opensource.org/licenses/gpl-license.php GNU General Public License v2</license>
		<title lang="en">Soft Delete</title>
		<description lang="en"><![CDATA[Changes the current hard delete scheme to all soft deleting for posts and topics.
Also includes the option to undelete posts and topics after they have been soft deleted.
New permissions give the option to allow administrators and/or moderators to hard delete posts/topics after they have already been soft deleted.]]></description>
		<author-notes lang="en"><![CDATA[Please ask for support at my website if you need any: http://www.lithiumstudios.org.  Soft deleting of Private Messages is not included in this modification]]>.</author-notes>
		<author-group>
			<author>
				<realname>Nathan Guse</realname>
				<email>exreaction@lithiumstudios.org</email>
				<username>EXreaction</username>
				<homepage>http://www.lithiumstudios.org</homepage>
			</author>
		</author-group>
		<mod-version>1.0.13</mod-version>
		<installation>
			<level>intermediate</level>
			<time>180</time>
			<target-version>3.0.1</target-version>
		</installation>
		<link-group>
			<link type="parent" href="install.xml" lang="en">Main installation instructions</link>
		</link-group>
	</header>
  <action-group>
    <open src="styles/subsilver2/template/mcp_forum.html">
      <edit>
        <find><![CDATA[{topicrow.TOPIC_TITLE}</a>]]></find>
        <inline-edit>
          <inline-find><![CDATA[{topicrow.TOPIC_TITLE}</a>]]></inline-find>
          <inline-action type="after-add"><![CDATA[<!-- IF topicrow.S_TOPIC_DELETED --> <strong>[{L_SOFT_DELETED}]</strong><!-- ENDIF -->]]></inline-action>
        </inline-edit>
      </edit>
    </open>
    <open src="styles/subsilver2/template/mcp_topic.html">
      <edit>
        <find><![CDATA[<!-- IF postrow.S_ROW_COUNT is even --><tr class="row1"><!-- ELSE --><tr class="row2"><!-- ENDIF -->]]></find>
        <action type="replace-with"><![CDATA[<!-- IF postrow.S_POST_DELETED --><tr class="forumrules"><!-- ELSE --><!-- IF postrow.S_ROW_COUNT is even --><tr class="row1"><!-- ELSE --><tr class="row2"><!-- ENDIF --><!-- ENDIF -->]]></action>
      </edit>
      <edit>
        <find><![CDATA[<!-- IF postrow.S_ROW_COUNT is even --><tr class="row1"><!-- ELSE --><tr class="row2"><!-- ENDIF -->]]></find>
        <action type="replace-with"><![CDATA[<!-- IF postrow.S_POST_DELETED --><tr class="forumrules"><!-- ELSE --><!-- IF postrow.S_ROW_COUNT is even --><tr class="row1"><!-- ELSE --><tr class="row2"><!-- ENDIF --><!-- ENDIF -->]]></action>
      </edit>
    </open>
    <open src="styles/subsilver2/template/viewforum_body.html">
      <edit>
        <find><![CDATA[{topicrow.TOPIC_TITLE}</a>]]></find>
        <inline-edit>
          <inline-find><![CDATA[{topicrow.TOPIC_TITLE}</a>]]></inline-find>
          <inline-action type="after-add"><![CDATA[<!-- IF topicrow.S_TOPIC_DELETED --> <strong>[{L_SOFT_DELETED}]</strong><!-- ENDIF -->]]></inline-action>
        </inline-edit>
      </edit>
      <edit>
        <find><![CDATA[{topicrow.TOPIC_TITLE}</a>]]></find>
        <inline-edit>
          <inline-find><![CDATA[{topicrow.TOPIC_TITLE}</a>]]></inline-find>
          <inline-action type="after-add"><![CDATA[<!-- IF topicrow.S_TOPIC_DELETED --> <strong>[{L_SOFT_DELETED}]</strong><!-- ENDIF -->]]></inline-action>
        </inline-edit>
      </edit>
    </open>
    <open src="styles/subsilver2/template/viewtopic_body.html">
	  <edit>
        <find><![CDATA[<!-- IF postrow.BUMPED_MESSAGE -->]]></find>
        <action type="before-add"><![CDATA[					<!-- IF postrow.S_POST_DELETED -->
						<br />_________________<br />
						<span class="gensmall">{postrow.DELETED_MESSAGE}</span>
					<!-- ENDIF -->]]></action>
      </edit>
    </open>
  </action-group>
</mod>