<?xml version="1.0" encoding="utf-8" standalone="yes" ?>
<?xml-stylesheet type="text/xsl" href="modx.prosilver.en.xsl"?>
<!--For security purposes, please check: http://www.phpbb.com/mods/ for the latest version of this MOD. Although MODs are checked before being allowed in the MODs Database there is no guarantee that there are no security problems within the MOD. No support will be given for MODs not found within the MODs Database which can be found at http://www.phpbb.com/mods/-->
<mod xmlns:xsi="http://www.w3.org/2001/XMLSchema-instance" xmlns="http://www.phpbb.com/mods/xml/modx-1.2.1.xsd">
<header>
	<license>http://opensource.org/licenses/gpl-license.php GNU General Public License v2</license>
	<title lang="en">From Author PM List</title>
	<description lang="en">Displays a link when viewing a PM to display all previous PM's from that user</description>

	<author-notes lang="en">Support will only be given at my website - http://www.lithiumstudios.org.</author-notes>

	<author-group>
		<author>
			<username>EXreaction</username>
			<realname>Nathan Guse</realname>
			<homepage>http://www.lithiumstudios.org/</homepage>
			<email>exreaction@lithiumstudios.org</email>
		</author>
	</author-group>

	<mod-version>1.0.1</mod-version>

	<installation>
		<level>easy</level>
		<time>60</time>
		<target-version>3.0.2</target-version>
	</installation>
</header>

<action-group>
	<open src="includes/ucp/ucp_pm_viewfolder.php">
		<edit>
			<find><![CDATA[	// Start From Author PM List
	$from_author = utf8_normalize_nfc(request_var('from_author', '', true));
	$url_from_author = $sql_from_author = '';
	if ($from_author)
	{
		$url_from_author = '&amp;from_author=' . $from_author;
		if (is_numeric($from_author))
		{
			$sql_from_author = ' AND p.author_id = ' . (int) $from_author;
		}
		else
		{
			$sql_from_author = ' AND u.username = \'' . $db->sql_escape($from_author) . "'";
		}
	}
	// End From Author PM List]]></find>
			<action type="replace-with"><![CDATA[	// Start From Author PM List
	$from_author = request_var('from_author', 0);
	$url_from_author = $sql_from_author = '';
	if ($from_author)
	{
		$url_from_author = '&amp;from_author=' . $from_author;
		$sql_from_author = ' AND p.author_id = ' . $from_author;
	}
	// End From Author PM List]]></action>
		</edit>
	</open>
</action-group>
</mod>