<?xml version="1.0" encoding="utf-8" standalone="yes" ?>
<?xml-stylesheet type="text/xsl" href="modx.prosilver.en.xsl"?>
<!--For security purposes, please check: http://www.phpbb.com/mods/ for the latest version of this MOD. Although MODs are checked before being allowed in the MODs Database there is no guarantee that there are no security problems within the MOD. No support will be given for MODs not found within the MODs Database which can be found at http://www.phpbb.com/mods/-->
<mod xmlns:xsi="http://www.w3.org/2001/XMLSchema-instance" xmlns="http://www.phpbb.com/mods/xml/modx-1.2.0.xsd">
<header>
	<license>http://opensource.org/licenses/gpl-license.php GNU General Public License v2</license>
	<title lang="en">Enable HTML</title>
	<description lang="en">Allows authorized users to post full HTML (including javascript) in posts/signatures.  This is a major security vulnerability and you should
NEVER allow any user to post HTML.  It has a new forum permission which allows you to specify specific users or groups who can post
HTML in specific forums and a user permission which allows the posting of HTML in all forums.</description>

	<author-notes lang="en">Repeat after me:  If my board gets hacked because I allowed somebody to post HTML it is my fault and I can not hold anyone else responsible.  This modification is a major security vulnerability to my board, I am willing to put myself and any others who access this board in danger to have HTML capabilities.

To post any HTML you must put it in [html][/html] tags.
You may create a custom BBCode for the [html] tag if you would like.  However, if the user has permission to display HTML, the BBCode replacement will be over-ridden by the HTML replacement.  If the user does not have permission to display HTML the BBCode replacement will be used as it normally is.</author-notes>

	<author-group>
		<author>
			<username>EXreaction</username>
			<realname>Nathan Guse</realname>
			<homepage>http://www.lithiumstudios.org/</homepage>
			<email>exreaction@lithiumstidos.org</email>
		</author>
	</author-group>

	<mod-version>1.2.1</mod-version>

	<installation>
		<level>intermediate</level>
		<time>300</time>
		<target-version>3.0.2</target-version>
	</installation>
</header>
<action-group>
	<copy>
		<file from="root/language/en/acp/permissions_html.php" to="language/en/acp/permissions_html.php" />
		<file from="root/includes/mods/enable_html.php" to="includes/mods/enable_html.php" />
	</copy>
	<sql>INSERT INTO phpbb_acl_options (auth_option, is_global, is_local, founder_only) VALUES ('f_html', '0', '1', '0');
INSERT INTO phpbb_acl_options (auth_option, is_global, is_local, founder_only) VALUES ('u_html', '1', '0', '0');</sql>
	<open src="memberlist.php">
		<edit>
			<find><![CDATA[		if ($member['user_sig'])
		{]]></find>
			<action type="after-add"><![CDATA[			// START Enable HTML
			include($phpbb_root_path . 'includes/mods/enable_html.' . $phpEx);
			if (enable_html_permission($member['user_id'], $member))
			{
				$member['user_sig'] = enable_html($member['user_sig'], $member['user_sig_bbcode_uid']);
			}
			// END Enable HTML]]></action>
		</edit>
    </open>
	<open src="posting.php">
		<edit>
			<find><![CDATA[	$preview_message = $message_parser->format_display($post_data['enable_bbcode'], $post_data['enable_urls'], $post_data['enable_smilies'], false);

	$preview_signature = ($mode == 'edit') ? $post_data['user_sig'] : $user->data['user_sig'];
	$preview_signature_uid = ($mode == 'edit') ? $post_data['user_sig_bbcode_uid'] : $user->data['user_sig_bbcode_uid'];
	$preview_signature_bitfield = ($mode == 'edit') ? $post_data['user_sig_bbcode_bitfield'] : $user->data['user_sig_bbcode_bitfield'];]]></find>
			<action type="before-add"><![CDATA[	// START Enable HTML
	include($phpbb_root_path . 'includes/mods/enable_html.' . $phpEx);
	if (enable_html_permission($post_data['poster_id']))
	{
		$temp_message = $message_parser->message;
		$message_parser->message = enable_html($message_parser->message, $message_parser->bbcode_uid);
	}
	// END Enable HTML]]></action>
			<action type="after-add"><![CDATA[	// START Enable HTML
	if (enable_html_permission($post_data['poster_id']))
	{
		$message_parser->message = $temp_message; // reset this otherwise the html code will not show in the message box again
		unset($temp_message);
		$preview_signature = enable_html($preview_signature, $preview_signature_uid);
	}
	// END Enable HTML]]></action>
		</edit>
    </open>
	<open src="viewtopic.php">
		<edit>
			<find><![CDATA[// End signature parsing, only if needed]]></find>
			<action type="before-add"><![CDATA[	// START Enable HTML
	if (!function_exists('enable_html'))
	{
		include($phpbb_root_path . 'includes/mods/enable_html.' . $phpEx);
	}
	if (enable_html_permission($poster_id, $user_cache[$poster_id], $forum_id))
	{
		$row['post_text'] = enable_html($row['post_text'], $row['bbcode_uid']);

		if ($user_cache[$poster_id]['sig'] && $row['enable_sig'] && empty($user_cache[$poster_id]['sig_parsed']))
		{
			$user_cache[$poster_id]['sig'] = enable_html($user_cache[$poster_id]['sig'], $user_cache[$poster_id]['sig_bbcode_uid']);
		}
	}
	// END Enable HTML]]></action>
		</edit>
    </open>
	<diy-instructions lang="en"><![CDATA[Purge phpBB3's cache (you can do this by going to the main ACP page and clicking Run Now next to "Purge the cache").

Set the new permission setting to give the user's you want to be able to post HTML permission.]]></diy-instructions>
</action-group>
</mod>