<?xml version="1.0" encoding="utf-8" standalone="yes" ?>
<?xml-stylesheet type="text/xsl" href="modx.prosilver.en.xsl"?>
<!--For security purposes, please check: http://www.phpbb.com/mods/ for the latest version of this MOD. Although MODs are checked before being allowed in the MODs Database there is no guarantee that there are no security problems within the MOD. No support will be given for MODs not found within the MODs Database which can be found at http://www.phpbb.com/mods/-->
<mod xmlns:xsi="http://www.w3.org/2001/XMLSchema-instance" xmlns="http://www.phpbb.com/mods/xml/modx-1.2.5.xsd">
<header>
    <license>http://opensource.org/licenses/gpl-license.php GNU General Public License v2</license>
    <title lang="en">User Blog Mod Extended</title>
    <description lang="en">Extends the User Blog Mod to be more integrated with phpBB3.</description>

    <author-notes lang="en">You must have the User Blog Mod installed before this (if it was not obvious).

phpBB 3.0.7+ only supported</author-notes>

    <author-group>
      <author>
        <username>EXreaction</username>
        <realname>Nathan Guse</realname>

      </author>
    </author-group>

	<mod-version>1.0.13</mod-version>

	<installation>
		<level>easy</level>
		<time>300</time>
		<target-version>3.0.7-pl1</target-version>
	</installation>

	<history>
		<entry>
			<date>2008-05-11</date>
			<rev-version>1.0.1</rev-version>
			<changelog lang="en">
				<change>Initial Release of Extended Install</change>
			</changelog>
		</entry>
		<entry>
			<date>2008-05-30</date>
			<rev-version>1.0.2</rev-version>
			<changelog lang="en">
				<change>Fixing a bug in the viewonline.php code.</change>
				<change>To update from 1.0.1 follow the instructions in contrib/update/extended/101_to_102_extended.xml.</change>
			</changelog>
		</entry>
		<entry>
			<date>2008-06-12</date>
			<rev-version>1.0.3</rev-version>
			<changelog lang="en">
				<change>Updating to ModX 1.2.0.</change>
				<change>No changes were made to the extended install version since 1.0.2.</change>
			</changelog>
		</entry>
		<entry>
			<date>2008-07-10</date>
			<rev-version>1.0.4</rev-version>
			<changelog lang="en">
				<change>No changes were made to the extended install version since 1.0.3.</change>
			</changelog>
		</entry>
		<entry>
			<date>2008-07-18</date>
			<rev-version>1.0.5</rev-version>
			<changelog lang="en">
				<change>No changes were made to the extended install version since 1.0.4.</change>
			</changelog>
		</entry>
		<entry>
			<date>2008-08-20</date>
			<rev-version>1.0.6</rev-version>
			<changelog lang="en">
				<change>No changes were made to the extended install version since 1.0.5.</change>
			</changelog>
		</entry>
		<entry>
			<date>2008-10-02</date>
			<rev-version>1.0.7</rev-version>
			<changelog lang="en">
				<change>No changes were made to the extended install version since 1.0.6.</change>
			</changelog>
		</entry>
		<entry>
			<date>2008-11-19</date>
			<rev-version>1.0.8</rev-version>
			<changelog lang="en">
				<change>No changes were made to the extended install version since 1.0.7.</change>
			</changelog>
		</entry>
		<entry>
			<date>2009-01-01</date>
			<rev-version>1.0.9</rev-version>
			<changelog lang="en">
				<change>No changes were made to the extended install version since 1.0.8.</change>
			</changelog>
		</entry>
		<entry>
			<date>2009-04-23</date>
			<rev-version>1.0.10</rev-version>
			<changelog lang="en">
				<change>Fix in the viewonline code to work with SEO urls.  Bug #43</change>
			</changelog>
		</entry>
		<entry>
			<date>2009-11-20</date>
			<rev-version>1.0.11</rev-version>
			<changelog lang="en">
				<change>No changes were made to the extended install version since 1.0.10.</change>
			</changelog>
		</entry>
		<entry>
			<date>2012-03-24</date>
			<rev-version>1.0.12</rev-version>
			<changelog lang="en">
				<change>Extended install updated to support phpBB 3.0.7-pl1</change>
			</changelog>
		</entry>
	</history>
  </header>

  <action-group>
	<open src="adm/style/acp_users_overview.html">
		<edit>
			<find><![CDATA[<select id="delete_type" name="delete_type">]]></find>
	        <inline-edit>
	          <inline-find><![CDATA[<option value="remove">{L_DELETE_POSTS}</option>]]></inline-find>
	          <inline-action type="after-add"><![CDATA[<option value="remove_blogs">{L_DELETE_BLOGS}</option><option value="remove_blogs_and_posts">{L_DELETE_POSTS_AND_BLOGS}</option>]]></inline-action>
	        </inline-edit>
		</edit>
    </open>
	<open src="includes/acp/acp_users.php">
		<edit>
			<find><![CDATA[case 'banuser':]]></find>
			<action type="before-add"><![CDATA[						// Start Add User Blog Mod ------------------
						case 'remove_blogs' :
							if (!function_exists('blog_delete_user'))
							{
								include("{$phpbb_root_path}blog/includes/functions_admin.$phpEx");
							}
							blog_delete_user($user_id);
						break;
						// End Add User Blog Mod --------------------]]></action>
		</edit>
		<edit>
			<find><![CDATA[				foreach ($quick_tool_ary as $value => $lang)
				{
					$s_action_options .= '<option value="' . $value . '">' . $user->lang['USER_ADMIN_' . $lang] . '</option>';
				}]]></find>
			<action type="after-add"><![CDATA[				// Start Add User Blog Mod ------------------
				$s_action_options .= '<option value="remove_blogs">' . $user->lang['DELETE_BLOGS'] . '</option>';
				// End Add User Blog Mod --------------------]]></action>
		</edit>
    </open>
	<open src="includes/functions_user.php">
		<edit>
			<find>case 'remove':</find>
			<action type="before-add"><![CDATA[		// Start Add User Blog Mod ------------------
		case 'remove_blogs' :
			if (!function_exists('blog_delete_user'))
			{
				include("{$phpbb_root_path}blog/includes/functions_admin.$phpEx");
			}
			blog_delete_user($user_id);
		break;

		case 'remove_blogs_and_posts' :
			if (!function_exists('blog_delete_user'))
			{
				include("{$phpbb_root_path}blog/includes/functions_admin.$phpEx");
			}
			blog_delete_user($user_id);
		// End Add User Blog Mod --------------------]]></action>
		</edit>
    </open>
	<open src="language/en/acp/users.php">
		<edit>
			<find>RETAIN_POSTS</find>
	        <inline-edit>
	          <inline-find><![CDATA[',]]></inline-find>
	          <inline-action type="before-add"><![CDATA[ &amp; blogs entries]]></inline-action>
	        </inline-edit>
			<action type="after-add"><![CDATA[	'DELETE_BLOGS'				=> 'Delete blog entries',
	'DELETE_POSTS_AND_BLOGS'	=> 'Delete posts &amp; blog entries',]]></action>
		</edit>
    </open>
	<open src="styles/prosilver/template/index_body.html">
		<edit>
			<find>{TOTAL_USERS}</find>
	        <inline-edit>
	          <inline-find>{TOTAL_USERS}</inline-find>
	          <inline-action type="after-add"><![CDATA[ &bull; {TOTAL_BLOG_ENTRIES}]]></inline-action>
	        </inline-edit>
		</edit>
    </open>
	<open src="styles/subsilver2/template/index_body.html">
		<edit>
			<find>{TOTAL_USERS}</find>
	        <inline-edit>
	          <inline-find>{TOTAL_USERS}</inline-find>
	          <inline-action type="after-add"><![CDATA[ | {TOTAL_BLOG_ENTRIES}]]></inline-action>
	        </inline-edit>
		</edit>
    </open>
	<open src="viewonline.php">
		<edit>
			<find>// Forum info</find>
			<action type="before-add"><![CDATA[// Start Add User Blog Mod ------------------
$users = array();
$result = $db->sql_query('SELECT user_id, username, user_colour FROM ' . USERS_TABLE);
while ($row = $db->sql_fetchrow($result))
{
	$users[$row['user_id']] = $row;
}
$db->sql_freeresult($result);
// End Add User Blog Mod --------------------]]></action>
		</edit>
 		<edit>
			<find>case 'index':</find>
			<action type="before-add"><![CDATA[		// Start Add User Blog Mod ------------------
		case 'blog' :
		case 'blog/view/blog' :
			$user->add_lang('mods/blog/viewonline');
			$vars = array();
			foreach (explode('&', substr($row['session_page'], strpos($row['session_page'], '?') + 1)) as $var)
			{
				$var = explode('=', $var);
				if (sizeof($var) == 2)
				{
					$vars[$var[0]] = $var[1];
				}
			}

			if (isset($vars['page']) && isset($vars['mode']) && $vars['page'] == 'blog' && $vars['mode'] == 'add')
			{
				$location = $user->lang['ADDING_BLOG_ENTRY'];
				$location_url = append_sid("{$phpbb_root_path}blog.$phpEx", 'page=blog&amp;mode=add');
			}
			else if (isset($vars['page']) && isset($vars['mode']) && $vars['page'] == 'reply' && $vars['mode'] == 'add' && isset($vars['b']))
			{
				$location = $user->lang['ADDING_BLOG_REPLY'];
				$location_url = append_sid("{$phpbb_root_path}blog.$phpEx", 'page=reply&amp;mode=add&amp;b=' . $vars['b']);
			}
			else if (isset($vars['b']))
			{
				$location = $user->lang['VIEWING_BLOG_ENTRY'];
				$location_url = append_sid("{$phpbb_root_path}blog.$phpEx", 'b=' . $vars['b']);
			}
			else if (isset($vars['u']) && isset($users[$vars['u']]))
			{
				$location = sprintf($user->lang['VIEWING_USERS_BLOG'], $users[$vars['u']]['username']);
				$location_url = append_sid("{$phpbb_root_path}blog.$phpEx", 'u=' . $vars['u']);
			}
			else if ($on_page[1] == 'blog/view/blog' && isset($vars['page']) && !isset($vars['mode']))
			{
				$location = sprintf($user->lang['VIEWING_USERS_BLOG'], $vars['page']);
				$location_url = append_sid("{$phpbb_root_path}blog.$phpEx", 'page=' . $vars['page']);
			}
			else
			{
				$location = $user->lang['VIEWING_BLOGS'];
				$location_url = append_sid("{$phpbb_root_path}blog.$phpEx");
			}
			unset($vars, $users);
		break;
		// End Add User Blog Mod --------------------]]></action>
		</edit>
    </open>
  </action-group>
</mod>