<?xml version="1.0" encoding="UTF-8" standalone="yes"?>
<?xml-stylesheet type="text/xsl" href="modx.prosilver.en.xsl"?>
<!--NOTICE: Please open this file in your web browser. If presented with a security warning, you may safely tell it to allow the blocked content.-->
<!--For security purposes, please check: http://www.phpbb.com/mods/ for the latest version of this MOD.\nAlthough MODs are checked before being allowed in the MODs Database there is no guarantee that there are no security problems within the MOD.\nNo support will be given for MODs not found within the MODs Database which can be found at http://www.phpbb.com/mods/-->
<mod xmlns:xsi="http://www.w3.org/2001/XMLSchema-instance" xmlns="http://www.phpbb.com/mods/xml/modx-1.2.5.xsd">
	<header>
		<meta name="generator" content="MODX file generated with PP MODX Creator by tumba25 (online version)"/>
		<license><![CDATA[http://opensource.org/licenses/gpl-license.php GNU General Public License v2]]></license>
		<title lang="en"><![CDATA[phpBB Tracker]]></title>
		<description lang="en"><![CDATA[Full tracker add-on for phpBB 3.0.x]]></description>
		<author-notes lang="en"><![CDATA[This MOD requires a minimum PHP version of 5.0.0.]]></author-notes>
		<author-group>
			<author>
				<realname><![CDATA[J. Russo]]></realname>
				<username><![CDATA[JRSweets]]></username>
				<homepage><![CDATA[http://www.jeffrusso.net]]></homepage>
				<email><![CDATA[jrsweets@gmail.com]]></email>
			</author>
			<author>
				<realname><![CDATA[Igor Wiedler]]></realname>
				<username><![CDATA[evil<3]]></username>
				<homepage><![CDATA[http://phpbbmodders.net]]></homepage>
				<email><![CDATA[evil3@phpbb.com]]></email>
			</author>
		</author-group>
		<mod-version>0.2.0</mod-version>
		<installation>
			<level>easy</level>
			<time>480</time>
			<target-version>3.0.0</target-version>
		</installation>
		<history>
			<entry>
				<date>2008-03-04</date>
				<rev-version>0.1.0</rev-version>
				<changelog lang="en">
					<change><![CDATA[Initial Beta Release]]></change>
				</changelog>
			</entry>
			<entry>
				<date>2008-03-17</date>
				<rev-version>0.1.1</rev-version>
				<changelog lang="en">
					<change><![CDATA[Added management options to ticket reply]]></change>
					<change><![CDATA[Added attachement form to subsilver2 templates]]></change>
					<change><![CDATA[Added htmlspecialchars_decode() for emails]]></change>
					<change><![CDATA[Added check to block blank entries in ACP]]></change>
					<change><![CDATA[Added visual update to search box]]></change>
					<change><![CDATA[Fixed bug viewing all users tickets]]></change>
					<change><![CDATA[Fixed bug with sort order for statistics]]></change>
					<change><![CDATA[Fixed bug with pagination while sorting/filtering tickets]]></change>
					<change><![CDATA[Fixed bug removing attachments for posts when deleting]]></change>
					<change><![CDATA[Fixed bug with language variables when viewing statistics]]></change>
					<change><![CDATA[Fixed bug with installation script and updating from older versions]]></change>
					<change><![CDATA[Fixed bug causing tracker link to appear in viewonline breadcrumbs/nav links]]></change>
					<change><![CDATA[Increased size of ticket and post description]]></change>
				</changelog>
			</entry>
			<entry>
				<date>2008-03-18</date>
				<rev-version>0.1.2</rev-version>
				<changelog lang="en">
					<change><![CDATA[Added group support to "Show tickets assigned to me"]]></change>
					<change><![CDATA[Fixed bug causing missing column in project table]]></change>
					<change><![CDATA[Fixed bug with missing htmlspecialchars_decode in email subject]]></change>
					<change><![CDATA[Fixed various bugs with installer/updater]]></change>
				</changelog>
			</entry>
			<entry>
				<date>2009-01-14</date>
				<rev-version>0.2.0</rev-version>
				<changelog lang="en">
					<change><![CDATA[Added selectable project view type inside acp]]></change>
					<change><![CDATA[Added new issue buttons to prosilver and subsilver2]]></change>
					<change><![CDATA[Added ability to enable/disable versions]]></change>
					<change><![CDATA[Added ticket and project subscriptions]]></change>
					<change><![CDATA[Added ability to set security tickets]]></change>
					<change><![CDATA[Fixed many style related bugs]]></change>
					<change><![CDATA[Updated modx to version 1.2.1]]></change>
					<change><![CDATA[Updated installation script]]></change>
					<change><![CDATA[Updated minimum PHP version to 5.0.0.]]></change>
				</changelog>
			</entry>
		</history>
	</header>
	<action-group>
		<copy>
			<file from="root/styles/prosilver/template/tracker/*.*" to="styles/prosilver/template/tracker/*.*"/>
			<file from="root/styles/prosilver/imageset/en/button_issue_new.gif" to="styles/prosilver/imageset/en/button_issue_new.gif"/>
			<file from="root/styles/subsilver2/template/tracker/*.*" to="styles/subsilver2/template/tracker/*.*"/>
			<file from="root/styles/subsilver2/imageset/en/button_issue_new.gif" to="styles/subsilver2/imageset/en/button_issue_new.gif"/>
			<file from="root/tracker.php" to="tracker.php"/>
			<file from="root/adm/style/acp_tracker.html" to="adm/style/acp_tracker.html"/>
			<file from="root/install/*.*" to="install/*.*"/>
			<file from="root/install/schemas/*.*" to="install/schemas/*.*"/>
			<file from="root/includes/acp/acp_tracker.php" to="includes/acp/acp_tracker.php"/>
			<file from="root/includes/acp/info/acp_tracker.php" to="includes/acp/info/acp_tracker.php"/>
			<file from="root/includes/tracker/functions_files.php" to="includes/tracker/functions_files.php"/>
			<file from="root/includes/tracker/tracker_api.php" to="includes/tracker/tracker_api.php"/>
			<file from="root/includes/tracker/tracker_cache.php" to="includes/tracker/tracker_cache.php"/>
			<file from="root/includes/tracker/tracker_class.php" to="includes/tracker/tracker_class.php"/>
			<file from="root/includes/tracker/tracker_constants.php" to="includes/tracker/tracker_constants.php"/>
			<file from="root/includes/tracker/tracker_download.php" to="includes/tracker/tracker_download.php"/>
			<file from="root/includes/tracker/tracker_viewonline.php" to="includes/tracker/tracker_viewonline.php"/>
			<file from="root/includes/tracker/tracker_status.php" to="includes/tracker/tracker_status.php"/>
			<file from="root/includes/tracker/tracker_types.php" to="includes/tracker/tracker_types.php"/>
			<file from="root/language/en/email/tracker_notify.txt" to="language/en/email/tracker_notify.txt"/>
			<file from="root/language/en/email/tracker_notify_comment.txt" to="language/en/email/tracker_notify_comment.txt"/>
			<file from="root/language/en/email/tracker_notify_watch.txt" to="language/en/email/tracker_notify_watch.txt"/>
			<file from="root/language/en/email/tracker_notify_status_double.txt" to="language/en/email/tracker_notify_status_double.txt"/>
			<file from="root/language/en/email/tracker_notify_status_single.txt" to="language/en/email/tracker_notify_status_single.txt"/>
			<file from="root/language/en/mods/permissions_tracker.php" to="language/en/mods/permissions_tracker.php"/>
			<file from="root/language/en/mods/tracker.php" to="language/en/mods/tracker.php"/>
			<file from="root/language/en/mods/tracker_install.php" to="language/en/mods/tracker_install.php"/>
			<file from="root/language/en/mods/info_acp_tracker.php" to="language/en/mods/info_acp_tracker.php"/>
			<file from="root/files/tracker/index.htm" to="files/tracker/index.htm"/>
		</copy>
		<open src="viewonline.php">
			<edit>
				<find><![CDATA[		case 'tracker':
			if (!isset($tracker))
			{
				include($phpbb_root_path . 'includes/tracker/tracker_class.' . $phpEx);
				$tracker = new tracker(false);
			}

			// Grab some common modules
			$url_params = array(
				'mode=statistics'	=> 'VIEWING_TRACKER_STATISTICS',
				'mode=add'			=> 'ADDING_TRACKER_TICKET',
				'mode=reply'		=> 'REPLYING_TRACKER_TICKET',
			);

			preg_match('#p=([0-9]+)#i', $row['session_page'], $project_id);
			$project_id = (sizeof($project_id)) ? (int) $project_id[1] : 0;

			preg_match('#t=([0-9]+)#i', $row['session_page'], $ticket_id);
			$ticket_id = (sizeof($ticket_id)) ? (int) $ticket_id[1] : 0;

			$found_tracker = false;
			foreach ($url_params as $param => $lang)
			{
				if (strpos($row['session_page'], $param) !== false)
				{
					if ($param == 'mode=statistics')
					{
						$found_tracker = true;
						if ($project_id)
						{
							$location = sprintf($user->lang[$lang], $tracker->get_type_option('title', $project_id), $tracker->projects[$project_id]['project_name']);
							$location_url = append_sid("{$phpbb_root_path}tracker.$phpEx", 'mode=statistics&amp;p=' . $project_id);
						}
						else
						{
							$location = sprintf($user->lang[$lang . '_ALL']);
							$location_url = append_sid("{$phpbb_root_path}tracker.$phpEx", 'mode=statistics');
						}
					}
					else if ($param == 'mode=add' && $project_id)
					{
						$found_tracker = true;
						$location = sprintf($user->lang[$lang], $tracker->get_type_option('title', $project_id), $tracker->projects[$project_id]['project_name']);
						$location_url = append_sid("{$phpbb_root_path}tracker.$phpEx", 'p=' . $project_id);
					}
					else if ($param == 'mode=reply' && $project_id && $ticket_id)
					{
						$found_tracker = true;
						$location = sprintf($user->lang[$lang], $tracker->get_type_option('title', $project_id), $tracker->projects[$project_id]['project_name']);
						$location_url = append_sid("{$phpbb_root_path}tracker.$phpEx", 'p=' . $project_id . '&amp;t=' . $ticket_id);
					}
					break;
				}
			}

			if (!$found_tracker)
			{
				$lang = 'VIEWING_TRACKER';
				if ($project_id && $ticket_id)
				{
					$location = sprintf($user->lang[$lang . '_TICKET'], $tracker->get_type_option('title', $project_id), $tracker->projects[$project_id]['project_name']);
					$location_url = append_sid("{$phpbb_root_path}tracker.$phpEx", 'p=' . $project_id . '&amp;t=' . $ticket_id);
				}
				else if ($project_id && !$ticket_id)
				{
					$location = sprintf($user->lang[$lang . '_PROJECT'], $tracker->get_type_option('title', $project_id), $tracker->projects[$project_id]['project_name']);
					$location_url = append_sid("{$phpbb_root_path}tracker.$phpEx", 'p=' . $project_id);
				}
				else
				{
					$location = $user->lang[$lang];
					$location_url = append_sid("{$phpbb_root_path}tracker.$phpEx");
				}
			}
		break;]]></find>
				<action type="replace-with"><![CDATA[		case 'tracker':
			include($phpbb_root_path . 'includes/tracker/tracker_viewonline.' . $phpEx);
		break;]]></action>
			</edit>
		</open>
		<open src="includes/functions_user.php">
			<edit>
				<find><![CDATA[		$sql = 'UPDATE ' . TOPICS_TABLE . " SET topic_last_poster_colour = '" . $db->sql_escape($sql_ary['user_colour']) . "'
			WHERE " . $db->sql_in_set('topic_last_poster_id', $user_id_ary);
		$db->sql_query($sql);]]></find>
				<action type="after-add"><![CDATA[		global $cache, $phpbb_root_path, $phpEx, $table_prefix;
		include($phpbb_root_path . 'includes/tracker/tracker_constants.' . $phpEx);
		$sql = 'UPDATE ' . TRACKER_TICKETS_TABLE . " SET last_visit_user_colour = '" . $db->sql_escape($sql_ary['user_colour']) . "'
			WHERE " . $db->sql_in_set('last_visit_user_id', $user_id_ary);
		$db->sql_query($sql);
		
		$cache->destroy('_tracker_projects');
		$cache->destroy('_tracker_project_cats');]]></action>
			</edit>
		</open>
		<open src="includes/acp/acp_language.php">
			<edit>
				<find><![CDATA[, 'button_topic_reply']]></find>
				<inline-edit>
					<inline-find><![CDATA[, 'button_topic_reply']]></inline-find>
					<inline-action type="after-add"><![CDATA[, 'button_issue_new']]></inline-action>
				</inline-edit>
			</edit>
		</open>
		<open src="includes/acp/acp_styles.php">
			<edit>
				<find><![CDATA[, 'button_topic_reply']]></find>
				<inline-edit>
					<inline-find><![CDATA[, 'button_topic_reply']]></inline-find>
					<inline-action type="after-add"><![CDATA[, 'button_issue_new']]></inline-action>
				</inline-edit>
			</edit>
		</open>
		<open src="language/en/acp/styles.php">
			<edit>
				<find><![CDATA[	'IMG_BUTTON_TOPIC_REPLY'	=> 'Reply topic',]]></find>
				<action type="after-add"><![CDATA[	'IMG_BUTTON_ISSUE_NEW'	=> 'New issue',]]></action>
			</edit>
		</open>
		<open src="styles/prosilver/imageset/en/imageset.cfg">
			<edit>
				<find><![CDATA[img_button_topic_reply = button_topic_reply.gif*25*96]]></find>
				<action type="after-add"><![CDATA[img_button_issue_new = button_issue_new.gif*25*95]]></action>
			</edit>
		</open>
		<open src="styles/prosilver/template/overall_header.html">
			<edit>
				<find><![CDATA[			<!-- IF S_IN_TRACKER -->
				<li class="icon-home"><a href="{U_INDEX}" accesskey="h">{L_INDEX}</a> <strong>&#8249;</strong> <a href="{U_TRACKER}">{L_TRACKER}</a><!-- IF S_IN_STATS --> <strong>&#8249;</strong> <a href="{U_TRACKER_STATS}">{L_TRACKER_STATS}</a><!-- ENDIF --><!-- BEGIN navlinks --> <strong>&#8249;</strong> <a href="{navlinks.U_VIEW_FORUM}">{navlinks.FORUM_NAME}</a><!-- END navlinks --><!-- IF TRACKER_TICKET_ID --> <strong>&#8249;</strong> <a href="{U_VIEW_TRACKER_TICKET}">{L_TRACKER_NAV_TICKET}{TRACKER_TICKET_ID}</a><!-- ENDIF --></li>
			<!-- ELSE -->
				<li class="icon-home"><a href="{U_INDEX}" accesskey="h">{L_INDEX}</a> <!-- BEGIN navlinks --> <strong>&#8249;</strong> <a href="{navlinks.U_VIEW_FORUM}">{navlinks.FORUM_NAME}</a><!-- END navlinks --></li>
			<!-- ENDIF -->]]></find>
				<action type="replace-with"><![CDATA[				<li class="icon-home"><a href="{U_INDEX}" accesskey="h">{L_INDEX}</a> <!-- BEGIN navlinks --> <strong>&#8249;</strong> <a href="{navlinks.U_VIEW_FORUM}">{navlinks.FORUM_NAME}</a><!-- END navlinks --></li>]]></action>
			</edit>
		</open>
		<open src="styles/prosilver/theme/buttons.css">
			<edit>
				<find><![CDATA[.reply-icon span	{ background: transparent none 0 0 no-repeat; }]]></find>
				<action type="after-add"><![CDATA[.issue-icon span	{ background: transparent none 0 0 no-repeat; }]]></action>
			</edit>
			<edit>
				<find><![CDATA[.buttons div.reply-icon		{ width: {IMG_BUTTON_TOPIC_REPLY_WIDTH}px; height: {IMG_BUTTON_TOPIC_REPLY_HEIGHT}px; }]]></find>
				<action type="after-add"><![CDATA[.buttons div.issue-icon	{ width: {IMG_BUTTON_ISSUE_NEW_WIDTH}px; height: {IMG_BUTTON_ISSUE_NEW_HEIGHT}px; }]]></action>
			</edit>
		</open>
		<open src="styles/prosilver/theme/colours.css">
			<edit>
				<find><![CDATA[.reply-icon span	{ background-image: url("{IMG_BUTTON_TOPIC_REPLY_SRC}"); }]]></find>
				<action type="after-add"><![CDATA[.issue-icon span	{ background-image: url("{IMG_BUTTON_ISSUE_NEW_SRC}"); }]]></action>
			</edit>
		</open>
		<open src="styles/subsilver2/imageset/en/imageset.cfg">
			<edit>
				<find><![CDATA[img_button_topic_reply = button_topic_reply.gif]]></find>
				<action type="after-add"><![CDATA[img_button_issue_new = button_issue_new.gif]]></action>
			</edit>
		</open>
		<open src="styles/subsilver2/template/overall_header.html">
			<edit>
				<find><![CDATA[	<!-- IF S_IN_TRACKER -->
	<!-- INCLUDE tracker/tracker_breadcrumbs.html -->
	<!-- ELSE -->
	<!-- INCLUDE breadcrumbs.html -->
	<!-- ENDIF -->]]></find>
				<action type="replace-with"><![CDATA[	<!-- INCLUDE breadcrumbs.html -->]]></action>
			</edit>
		</open>
		<diy-instructions lang="en"><![CDATA[Delete subsilver2/template/tracker/tracker_breadcrumbs.html. Run the included installer at http://yoursite.com/phpBB/install/index.php and select the option to update to latest version.
Once done make sure to remove install folder from your server and then purge the cache and refresh your styles templates, themes and imageset.]]></diy-instructions>
	</action-group>
</mod>
