<?xml version="1.0" encoding="UTF-8" standalone="yes"?>
<?xml-stylesheet type="text/xsl" href="modx.prosilver.en.xsl"?>
<!--NOTICE: Please open this file in your web browser. If presented with a security warning, you may safely tell it to allow the blocked content.-->
<!--For security purposes, please check: http://www.phpbb.com/mods/ for the latest version of this MOD.\nAlthough MODs are checked before being allowed in the MODs Database there is no guarantee that there are no security problems within the MOD.\nNo support will be given for MODs not found within the MODs Database which can be found at http://www.phpbb.com/mods/-->
<mod xmlns:xsi="http://www.w3.org/2001/XMLSchema-instance" xmlns="http://www.phpbb.com/mods/xml/modx-1.2.5.xsd">
	<header>
		<meta name="generator" content="MODX file generated with PP MODX Creator by tumba25 (online version)"/>
		<license><![CDATA[http://opensource.org/licenses/gpl-license.php GNU General Public License v2]]></license>
		<title lang="en"><![CDATA[phpBB Tracker]]></title>
		<description lang="en"><![CDATA[Full tracker add-on for phpBB 3.0.x]]></description>
		<author-notes lang="en"><![CDATA[Thanks to evil3 (Igor Wiedler) for helping out with the mod.]]></author-notes>
		<author-group>
			<author>
				<realname><![CDATA[J. Russo]]></realname>
				<username><![CDATA[JRSweets]]></username>
				<homepage><![CDATA[http://www.jeffrusso.net]]></homepage>
				<email><![CDATA[jrsweets@gmail.com]]></email>
			</author>
		</author-group>
		<installation>
			<level>easy</level>
			<time>60</time>
		</installation>
		<history/>
	</header>
	<action-group>
		<copy>
			<file from="root/tracker.php" to="tracker.php"/>
			<file from="root/adm/style/acp_tracker.html" to="adm/style/acp_tracker.html"/>
			<file from="root/tracker_install/*.*" to="tracker_install/*.*"/>
			<file from="root/includes/acp/acp_tracker.php" to="includes/acp/acp_tracker.php"/>
			<file from="root/includes/acp/info/acp_tracker.php" to="includes/acp/info/acp_tracker.php"/>
			<file from="root/includes/tracker/tracker_class.php" to="includes/tracker/tracker_class.php"/>
			<file from="root/includes/tracker/tracker_constants.php" to="includes/tracker/tracker_constants.php"/>
			<file from="root/includes/tracker/tracker_download.php" to="includes/tracker/tracker_download.php"/>
			<file from="root/includes/tracker/tracker_status.php" to="includes/tracker/tracker_status.php"/>
			<file from="root/includes/tracker/tracker_types.php" to="includes/tracker/tracker_types.php"/>
			<file from="root/language/en/acp/permissions_tracker.php" to="language/en/acp/permissions_tracker.php"/>
			<file from="root/language/en/email/tracker_notify.txt" to="language/en/email/tracker_notify.txt"/>
			<file from="root/language/en/email/tracker_notify_comment.txt" to="language/en/email/tracker_notify_comment.txt"/>
			<file from="root/language/en/email/tracker_notify_status_double.txt" to="language/en/email/tracker_notify_status_double.txt"/>
			<file from="root/language/en/email/tracker_notify_status_single.txt" to="language/en/email/tracker_notify_status_single.txt"/>
			<file from="root/language/en/mods/tracker.php" to="language/en/mods/tracker.php"/>
			<file from="root/language/en/mods/info_acp_tracker.php" to="language/en/mods/info_acp_tracker.php"/>
			<file from="root/files/tracker/*.*" to="files/tracker/*.*"/>
			<file from="root/styles/prosilver/template/tracker/tracker_index_body.html" to="styles/prosilver/template/tracker/tracker_index_body.html"/>
			<file from="root/styles/prosilver/template/tracker/tracker_move.html" to="styles/prosilver/template/tracker/tracker_move.html"/>
			<file from="root/styles/prosilver/template/tracker/tracker_stats_body.html" to="styles/prosilver/template/tracker/tracker_stats_body.html"/>
			<file from="root/styles/prosilver/template/tracker/tracker_tickets_add_body.html" to="styles/prosilver/template/tracker/tracker_tickets_add_body.html"/>
			<file from="root/styles/prosilver/template/tracker/tracker_tickets_body.html" to="styles/prosilver/template/tracker/tracker_tickets_body.html"/>
			<file from="root/styles/prosilver/template/tracker/tracker_tickets_view_body.html" to="styles/prosilver/template/tracker/tracker_tickets_view_body.html"/>
			<file from="root/styles/prosilver/template/tracker/tracker_header.html" to="styles/prosilver/template/tracker/tracker_header.html"/>
			<file from="root/styles/subsilver2/template/tracker/tracker_breadcrumbs.html" to="styles/subsilver2/template/tracker/tracker_breadcrumbs.html"/>
			<file from="root/styles/subsilver2/template/tracker/tracker_index_body.html" to="styles/subsilver2/template/tracker/tracker_index_body.html"/>
			<file from="root/styles/subsilver2/template/tracker/tracker_move.html" to="styles/subsilver2/template/tracker/tracker_move.html"/>
			<file from="root/styles/subsilver2/template/tracker/tracker_stats_body.html" to="styles/subsilver2/template/tracker/tracker_stats_body.html"/>
			<file from="root/styles/subsilver2/template/tracker/tracker_tickets_add_body.html" to="styles/subsilver2/template/tracker/tracker_tickets_add_body.html"/>
			<file from="root/styles/subsilver2/template/tracker/tracker_tickets_body.html" to="styles/subsilver2/template/tracker/tracker_tickets_body.html"/>
			<file from="root/styles/subsilver2/template/tracker/tracker_tickets_view_body.html" to="styles/subsilver2/template/tracker/tracker_tickets_view_body.html"/>
			<file from="root/styles/subsilver2/template/tracker/tracker_header.html" to="styles/subsilver2/template/tracker/tracker_header.html"/>
		</copy>
		<diy-instructions lang="en"><![CDATA[Run the included installer at http://yoursite.com/phpBB/tracker_install/install.php and select the option to update to latest version.
Once done make sure to remove tracker_install folder from your server.]]></diy-instructions>
	</action-group>
</mod>
