﻿<?xml version="1.0" encoding="utf-8" standalone="yes"?>
<?xml-stylesheet type="text/xsl" href="modx.prosilver.en.xsl"?>
<!--For security purposes, please check: http://www.phpbb.com/mods/ for the latest version of this MOD. Although MODs are checked before being allowed in the MODs Database there is no guarantee that there are no security problems within the MOD. No support will be given for MODs not found within the MODs Database which can be found at http://www.phpbb.com/mods/-->
<mod xmlns:xsi="http://www.w3.org/2001/XMLSchema-instance" xmlns="http://www.phpbb.com/mods/xml/modx-1.0.1.xsd">
  <header>
    <license>http://opensource.org/licenses/gpl-license.php GNU General Public License v2</license>
    <title lang="en-GB">HTML Ranks</title>
    <description lang="en-GB">Allows you to use HTML code in Rank Titles.</description>

    <author-notes lang="en-GB"></author-notes>

    <author-group>
      <author>
        <username>EXreaction</username>
        <realname>Nathan Guse</realname>
        <homepage>http://www.lithiumstudios.org/</homepage>
        <email>exreaction@lithiumstidos.org</email>
      </author>
    </author-group>

    <mod-version>
      <major>1</major>
      <minor>0</minor>
      <revision>0</revision>
    </mod-version>

    <installation>
      <level>easy</level>
      <time>60</time>
      <target-version>
        <target-primary>3.0</target-primary>
        <target-major allow="exact">3</target-major>
        <target-minor allow="exact">0</target-minor>
      </target-version>
    </installation>

    <history>
      <entry>
        <date>2008-1-07</date>
        <rev-version>
          <major>1</major>
          <minor>0</minor>
          <revision>0</revision>
        </rev-version>
        <changelog lang="en-GB">
          <change>Initial relase</change>
        </changelog>
      </entry>
    </history>
  </header>

  <action-group>
	<open src="includes/acp/acp_ranks.php">
		<edit>
			<find><![CDATA['rank_title'		=> $rank_title,]]></find>
			<action type="replace-with"><![CDATA['rank_title'		=> htmlspecialchars_decode($rank_title),]]></action>
		</edit>
		<edit>
			<find><![CDATA['RANK_TITLE'		=> $row['rank_title'],]]></find>
			<action type="replace-with"><![CDATA['RANK_TITLE'		=> htmlspecialchars_decode($row['rank_title']),]]></action>
		</edit>
    </open>
  </action-group>
</mod>