﻿<?xml version="1.0" encoding="utf-8" standalone="yes" ?>
<?xml-stylesheet type="text/xsl" href="modx.prosilver.en.xsl"?>
<!--For security purposes, please check: http://www.phpbb.com/mods/ for the latest version of this MOD. Although MODs are checked before being allowed in the MODs Database there is no guarantee that there are no security problems within the MOD. No support will be given for MODs not found within the MODs Database which can be found at http://www.phpbb.com/mods/-->
<mod xmlns:xsi="http://www.w3.org/2001/XMLSchema-instance" xmlns="http://www.phpbb.com/mods/xml/modx-1.2.0.xsd">
<header>
	<license>http://opensource.org/licenses/gpl-license.php GNU General Public License v2</license>
	<title lang="en">Money Tracker</title>
	<description lang="en"></description>

	<author-notes lang="en"></author-notes>

	<author-group>
		<author>
			<username>EXreaction</username>
			<realname>Nathan Guse</realname>
			<homepage>http://www.lithiumstudios.org/</homepage>
			<email>exreaction@lithiumstidos.org</email>
		</author>
	</author-group>

	<mod-version>1.0.1</mod-version>

	<installation>
		<level>intermediate</level>
		<time>300</time>
		<target-version>3.0.2</target-version>
	</installation>
</header>

<action-group>
	<sql><![CDATA[ALTER TABLE `phpbb_users` ADD `bill_total` MEDIUMINT( 8 ) UNSIGNED NOT NULL DEFAULT '0';

INSERT INTO `phpbb_config` (`config_name`, `config_value`, `is_dynamic`) VALUES ('money_tracker_count', '0', '1');
INSERT INTO `phpbb_config` (`config_name`, `config_value`, `is_dynamic`) VALUES ('money_tracker_total', '0', '1');]]></sql>
	<copy>
		<file from="root/*.*" to="*.*" />
	</copy>
	<open src="includes/functions.php">
		<edit>
			<find><![CDATA[	// Money Tracker
	if (isset($config['money_tracker_enable']) && $config['money_tracker_enable'])
	{
		$user->add_lang('mods/money_tracker');
		$template->assign_var('U_MONEY_TRACKER', append_sid("{$phpbb_root_path}money_tracker.$phpEx"));
		if (request_var('mode', '') == 'viewprofile' && request_var('u', 0))
		{
			if (isset($user->data['bill_count']))
			{
				$db->sql_query('SELECT bill_count FROM ' . USERS_TABLE . ' WHERE user_id = ' . request_var('u', 0));
				$bill_count = $db->sql_fetchfield('bill_count');
				$template->assign_block_vars('custom_fields', array(
					'PROFILE_FIELD_NAME'		=> $user->lang['BILL_COUNT'],
					'PROFILE_FIELD_VALUE'		=> '<a href="' . append_sid("{$phpbb_root_path}money_tracker.$phpEx", 'u=' . request_var('u', 0)) . '">' . $bill_count . '</a>',
				));
			}
		}
	}]]></find>
		<action type="replace-with"><![CDATA[	// Money Tracker
	if (isset($config['money_tracker_enable']) && $config['money_tracker_enable'])
	{
		$user->add_lang('mods/money_tracker');
		$template->assign_var('U_MONEY_TRACKER', append_sid("{$phpbb_root_path}money_tracker.$phpEx"));
		if (request_var('mode', '') == 'viewprofile' && request_var('u', 0))
		{
			if (isset($user->data['bill_count']))
			{
				$result = $db->sql_query('SELECT bill_count, bill_total FROM ' . USERS_TABLE . ' WHERE user_id = ' . request_var('u', 0));
				$row = $db->sql_fetchrow($result);
				$db->sql_freeresult($result);
				$template->assign_block_vars('custom_fields', array(
					'PROFILE_FIELD_NAME'		=> $user->lang['BILL_COUNT'],
					'PROFILE_FIELD_VALUE'		=> '<a href="' . append_sid("{$phpbb_root_path}money_tracker.$phpEx", 'u=' . request_var('u', 0)) . '">' . $row['bill_count'] .'</a>',
				));
				$template->assign_block_vars('custom_fields', array(
					'PROFILE_FIELD_NAME'		=> $user->lang['BILL_TOTAL'],
					'PROFILE_FIELD_VALUE'		=> '<a href="' . append_sid("{$phpbb_root_path}money_tracker.$phpEx", 'u=' . request_var('u', 0)) . '">$' . $row['bill_total'] . '</a>',
				));
			}
		}
		$template->assign_vars(array(
			'BILL_COUNT'		=> $config['money_tracker_count'],
			'BILL_TOTAL'		=> $config['money_tracker_total'],
		));
	}]]></action>
		</edit>
	</open>
	<open src="styles/prosilver/template/index_body.html">
		<edit>
			<comment lang="en">Do this for all prosilver based styles.</comment>
			<find><![CDATA[{NEWEST_USER}]]></find>
			<inline-edit>
				<inline-find><![CDATA[{NEWEST_USER}]]></inline-find>
				<inline-action type="after-add"><![CDATA[<!-- IF BILL_COUNT --> &bull; {L_BILL_COUNT_INDEX} <strong>{BILL_COUNT}</strong> &bull; {L_BILL_TOTAL_INDEX} <strong>${BILL_TOTAL}</strong><!-- ENDIF -->]]></inline-action>
			</inline-edit>
		</edit>
	</open>
	<open src="styles/subsilver2/template/index_body.html">
		<edit>
			<find><![CDATA[{NEWEST_USER}]]></find>
			<inline-edit>
				<inline-find><![CDATA[{NEWEST_USER}]]></inline-find>
				<inline-action type="after-add"><![CDATA[<!-- IF BILL_COUNT --> | {L_BILL_COUNT_INDEX} <strong>{BILL_COUNT}</strong> | {L_BILL_TOTAL_INDEX} <strong>${BILL_TOTAL}</strong><!-- ENDIF -->]]></inline-action>
			</inline-edit>
		</edit>
	</open>
	<open src="viewtopic.php">
		<edit>
			<find><![CDATA[				'bill_count'	=> (isset($row['bill_count'])) ? $row['bill_count'] : false]]></find>
			<action type="replace-with"><![CDATA[				'bill_count'	=> (isset($row['bill_count'])) ? $row['bill_count'] : false,
				'bill_total'	=> (isset($row['bill_total'])) ? $row['bill_total'] : false,]]></action>
		</edit>
		<edit>
			<find><![CDATA[	// Money Tracker
	if (!isset($user->lang['BILL_COUNT']))
	{
		$user->add_lang('mods/money_tracker');
	}
	if (isset($user_cache[$poster_id]['bill_count']) && $user_cache[$poster_id]['bill_count'] !== false && isset($config['money_tracker_enable_viewtopic']) && $config['money_tracker_enable_viewtopic'] && isset($config['money_tracker_enable']) && $config['money_tracker_enable'])
	{
		$template->assign_block_vars('postrow.custom_fields', array(
			'PROFILE_FIELD_NAME'		=> $user->lang['BILL_COUNT'],
			'PROFILE_FIELD_VALUE'		=> '<a href="' . append_sid("{$phpbb_root_path}money_tracker.$phpEx", 'u=' . $poster_id) . '">' . $user_cache[$poster_id]['bill_count'] . '</a>',
		));
	}]]></find>
			<action type="replace-with"><![CDATA[	// Money Tracker
	if (!isset($user->lang['BILL_COUNT']))
	{
		$user->add_lang('mods/money_tracker');
	}
	if (isset($user_cache[$poster_id]['bill_count']) && $user_cache[$poster_id]['bill_count'] !== false && isset($config['money_tracker_enable_viewtopic']) && $config['money_tracker_enable_viewtopic'] && isset($config['money_tracker_enable']) && $config['money_tracker_enable'])
	{
		$template->assign_block_vars('postrow.custom_fields', array(
			'PROFILE_FIELD_NAME'		=> $user->lang['BILL_COUNT'],
			'PROFILE_FIELD_VALUE'		=> '<a href="' . append_sid("{$phpbb_root_path}money_tracker.$phpEx", 'u=' . $poster_id) . '">' . $user_cache[$poster_id]['bill_count'] . '</a>',
		));
		$template->assign_block_vars('postrow.custom_fields', array(
			'PROFILE_FIELD_NAME'		=> $user->lang['BILL_TOTAL'],
			'PROFILE_FIELD_VALUE'		=> '<a href="' . append_sid("{$phpbb_root_path}money_tracker.$phpEx", 'u=' . $poster_id) . '">$' . $user_cache[$poster_id]['bill_total'] . '</a>',
		));
	}]]></action>
		</edit>
	</open>
    <diy-instructions lang="en">Copy the mt_update.php file from the contrib/ directory to your forum's root directory and run it in your web browser.  Delete the mt_update.php file from your forum after that is completed.

Purge phpBB3's cache.</diy-instructions>
</action-group>
</mod>