﻿<?xml version="1.0" encoding="utf-8" standalone="yes"?>
<?xml-stylesheet type="text/xsl" href="../modx.prosilver.en.xsl"?>
<!--For security purposes, please check: http://www.phpbb.com/mods/ for the latest version of this MOD. Although MODs are checked before being allowed in the MODs Database there is no guarantee that there are no security problems within the MOD. No support will be given for MODs not found within the MODs Database which can be found at http://www.phpbb.com/mods/-->
<mod xmlns:xsi="http://www.w3.org/2001/XMLSchema-instance" xmlns="http://www.phpbb.com/mods/xml/modx-1.0.1.xsd">
	<header>
		<license>http://opensource.org/licenses/gpl-license.php GNU General Public License v2</license>
		<title lang="en-GB">Advertisement Management</title>
		<description lang="en-GB">Adds an easy to use Advertisement Manager to a phpBB3 forum.</description>

		<author-notes lang="en-GB">subsilver2 instructions are available in the templates/ directory.</author-notes>

		<author-group>
			<author>
				<username>EXreaction</username>
				<realname>Nathan Guse</realname>
				<homepage>http://www.lithiumstudios.org/</homepage>
				<email>exreaction@lithiumstidos.org</email>
			</author>
		</author-group>

		<mod-version>
			<major>1</major>
			<minor>0</minor>
			<revision>1</revision>
		</mod-version>

		<installation>
			<level>easy</level>
			<time>300</time>
			<target-version>
				<target-primary>3.0</target-primary>
				<target-major allow="exact">3</target-major>
				<target-minor allow="exact">0</target-minor>
			</target-version>
		</installation>

		<history>
			<entry>
				<date>2008-03-16</date>
				<rev-version>
					<major>1</major>
					<minor>0</minor>
					<revision>0</revision>
				</rev-version>
				<changelog lang="en-GB">
					<change>Initial Release</change>
				</changelog>
			</entry>
			<entry>
				<date>2008-03-19</date>
				<rev-version>
					<major>1</major>
					<minor>0</minor>
					<revision>1</revision>
				</rev-version>
				<changelog lang="en-GB">
					<change>Adding option to count Ad Clicks.  Removing the option to set the Max Views (it added quite a bit of server load and I doubt it will be used often).</change>
				</changelog>
			</entry>
		</history>
	</header>
	<action-group>
		<copy>
			<file from="../root/*.*" to="*.*"/>
		</copy>
		<open src="styles/prosilver/template/overall_header.html">
			<edit>
				<find><![CDATA[</head>]]></find>
				<action type="before-add"><![CDATA[<!-- INCLUDE ads/ads.js -->]]></action>
			</edit>
		</open>
		<open src="styles/subsilver2/template/overall_header.html">
			<edit>
				<find><![CDATA[</head>]]></find>
				<action type="before-add"><![CDATA[<!-- INCLUDE ads/ads.js -->]]></action>
			</edit>
		</open>
	</action-group>
</mod>
