<?xml version="1.0" encoding="utf-8" standalone="yes" ?>
<?xml-stylesheet type="text/xsl" href="modx.prosilver.en.xsl"?>
<!--For security purposes, please check: http://www.phpbb.com/mods/ for the latest version of this MOD. Although MODs are checked before being allowed in the MODs Database there is no guarantee that there are no security problems within the MOD. No support will be given for MODs not found within the MODs Database which can be found at http://www.phpbb.com/mods/-->
<mod xmlns:xsi="http://www.w3.org/2001/XMLSchema-instance" xmlns="http://www.phpbb.com/mods/xml/modx-1.2.2.xsd">
<header>
	<license>http://opensource.org/licenses/gpl-license.php GNU General Public License v2</license>
	<title lang="en">Anniversary List</title>
	<description lang="en">Adds a list of users whos forum registration anniversary it is on the index.</description>

	<author-notes lang="en">Although I built this mod, it was funded and is owned by Lightfeather.  She was kind enough to release the modification to all for free.</author-notes>

	<author-group>
		<author>
			<username>EXreaction</username>
			<realname>Nathan Guse</realname>
			<homepage>http://www.lithiumstudios.org/</homepage>
			<email>exreaction@lithiumstudios.org</email>
		</author>
	</author-group>

	<mod-version>1.0.0</mod-version>

	<installation>
		<level>easy</level>
		<time>60</time>
		<target-version>3.0.5</target-version>
	</installation>

	<link-group>
		<link type="template" href="subsilver2.xml" lang="en">subsilver2</link>
	</link-group>
</header>

<action-group>
	<open src="language/en/common.php">
		<edit>
			<find><![CDATA[$lang = array_merge($lang, array(]]></find>
			<action type="after-add"><![CDATA[	'ANNIVERSARY_LIST'	=> 'Anniversary List',]]></action>
		</edit>
    </open>
	<open src="styles/prosilver/template/index_body.html">
		<edit>
			<find><![CDATA[<!-- IF NEWEST_USER -->]]></find>
			<action type="before-add"><![CDATA[<!-- IF ANNIVERSARY_LIST -->
	<h3>{L_ANNIVERSARY_LIST}</h3>
	<p>{L_CONGRATULATIONS}: <strong>{ANNIVERSARY_LIST}</strong></p>
<!-- ENDIF -->
]]></action>
		</edit>
	</open>
	<open src="index.php">
		<edit>
			<find><![CDATA[// Assign index specific vars]]></find>
			<action type="before-add"><![CDATA[// Generate anniversary list
$anniversary_list = $cache->get('anniversary_list');
if ($anniversary_list === false)
{
	$anniversary_list = '';
	$current_date = date('m-d');
	$current_year = date('Y');
	$leap_year = date('L');
	$sql = 'SELECT user_id, username, user_colour, user_regdate
		FROM ' . USERS_TABLE . "
		WHERE user_type IN (" . USER_NORMAL . ', ' . USER_FOUNDER . ')';
	$result = $db->sql_query($sql);

	while ($row = $db->sql_fetchrow($result))
	{
		// We are compensating for leap year here.  If the year is not a leap year, the current date is Feb 28, and they joined Feb 29 we will list their names.
		if (date('m-d', $row['user_regdate']) == $current_date || (!$leap_year && $current_date == '02-28' && date('m-d', $row['user_regdate']) == '02-29'))
		{
			if (($current_year - date('Y', $row['user_regdate'])) > 0)
			{
				$anniversary_list .= (($anniversary_list != '') ? ', ' : '') . get_username_string('full', $row['user_id'], $row['username'], $row['user_colour']);
				$anniversary_list .= ' (' . ($current_year - date('Y', $row['user_regdate'])) . ')';
			}
		}
	}
	$db->sql_freeresult($result);

	//Figure out what tomorrow's beginning time is based on the board timezone settings and have the cache expire then.
	$till_tomorrow = gmmktime(0, 0, 0) + 86400 - ($config['board_timezone'] * 3600) - ($config['board_dst'] * 3600) - time();
	$cache->put('anniversary_list', $anniversary_list, $till_tomorrow);
}
$template->assign_var('ANNIVERSARY_LIST', $anniversary_list);]]></action>
		</edit>
    </open>
</action-group>
</mod>