<?xml version="1.0" encoding="utf-8" standalone="yes" ?>
<?xml-stylesheet type="text/xsl" href="modx.prosilver.en.xsl"?>
<!--For security purposes, please check: http://www.phpbb.com/mods/ for the latest version of this MOD. Although MODs are checked before being allowed in the MODs Database there is no guarantee that there are no security problems within the MOD. No support will be given for MODs not found within the MODs Database which can be found at http://www.phpbb.com/mods/-->
<mod xmlns:xsi="http://www.w3.org/2001/XMLSchema-instance" xmlns="http://www.phpbb.com/mods/xml/modx-1.2.2.xsd">
<header>
	<license>http://opensource.org/licenses/gpl-license.php GNU General Public License v2</license>
	<title lang="en">Anniversary List</title>
	<description lang="en">Adds a list of users whos forum registration anniversary it is on the index.</description>

	<author-notes lang="en">Although I built this mod, it was funded and is owned by Lightfeather.  She was kind enough to release the modification to all for free.</author-notes>

	<author-group>
		<author>
			<username>EXreaction</username>
			<realname>Nathan Guse</realname>
			<homepage>http://www.lithiumstudios.org/</homepage>
			<email>exreaction@lithiumstudios.org</email>
		</author>
	</author-group>

	<mod-version>1.0.0</mod-version>

	<installation>
		<level>easy</level>
		<time>60</time>
		<target-version>3.0.5</target-version>
	</installation>
</header>

<action-group>
	<open src="styles/subsilver2/template/index_body.html">
		<edit>
			<find><![CDATA[<!-- IF S_DISPLAY_BIRTHDAY_LIST -->
	<br clear="all" />

	<table class="tablebg" width="100%" cellspacing="1">
	<tr>
		<td class="cat" colspan="2"><h4>{L_BIRTHDAYS}</h4></td>
	</tr>
	<tr>
		<td class="row1" align="center" valign="middle"><img src="{T_THEME_PATH}/images/whosonline.gif" alt="{L_BIRTHDAYS}" /></td>
		<td class="row1" width="100%"><p class="genmed"><!-- IF BIRTHDAY_LIST -->{L_CONGRATULATIONS}: <b>{BIRTHDAY_LIST}</b><!-- ELSE -->{L_NO_BIRTHDAYS}<!-- ENDIF --></p></td>
	</tr>
	</table>
<!-- ENDIF -->

<br clear="all" />]]></find>
			<action type="after-add"><![CDATA[<!-- IF ANNIVERSARY_LIST -->
	<br clear="all" />

	<table class="tablebg" width="100%" cellspacing="1">
	<tr>
		<td class="cat" colspan="2"><h4>{L_ANNIVERSARY_LIST}</h4></td>
	</tr>
	<tr>
		<td class="row1" align="center" valign="middle"><img src="{T_THEME_PATH}/images/whosonline.gif" alt="{L_ANNIVERSARY_LIST}" /></td>
		<td class="row1" width="100%"><p class="genmed">{L_CONGRATULATIONS}: <b>{ANNIVERSARY_LIST}</b></p></td>
	</tr>
	</table>
<!-- ENDIF -->

<br clear="all" />
]]></action>
		</edit>
	</open>
</action-group>
</mod>