<?xml version="1.0" encoding="utf-8" standalone="yes" ?>
<?xml-stylesheet type="text/xsl" href="modx.prosilver.en.xsl"?>
<!--For security purposes, please check: http://www.phpbb.com/mods/ for the latest version of this MOD. Although MODs are checked before being allowed in the MODs Database there is no guarantee that there are no security problems within the MOD. No support will be given for MODs not found within the MODs Database which can be found at http://www.phpbb.com/mods/-->
<mod xmlns:xsi="http://www.w3.org/2001/XMLSchema-instance" xmlns="http://www.phpbb.com/mods/xml/modx-1.2.1.xsd">
<header>
	<license>http://opensource.org/licenses/gpl-license.php GNU General Public License v2</license>
	<title lang="en">Anti-Spam ACP</title>
	<description lang="en">Prevents spam on your phpBB3 forum.</description>

	<author-notes lang="en">PHP versions less than 5.1.0 are not supported.

Support will only be given at my website - http://www.lithiumstudios.org.</author-notes>

	<author-group>
		<author>
			<username>EXreaction</username>
			<realname>Nathan Guse</realname>
			<homepage>http://www.lithiumstudios.org/</homepage>
			<email>exreaction@lithiumstudios.org</email>
		</author>
	</author-group>

	<mod-version>0.3.0</mod-version>

	<installation>
		<level>intermediate</level>
		<time>900</time>
		<target-version>3.0.2</target-version>
	</installation>
</header>

<action-group>
	<copy>
		<file from="root/*.*" to="*.*" />
	</copy>
	<open src="includes/ucp/ucp_pm_compose.php">
		<edit>
			<find><![CDATA[// Store message, sync counters]]></find>
			<action type="before-add"><![CDATA[		// START Anti-Spam ACP
		if ($config['asacp_spam_words_pm_action'] && antispam::spam_words(array($subject, $message_parser->message)))
		{
			antispam::add_log('LOG_SPAM_PM_DENIED', array($subject, $message_parser->message));
			$error[] = $user->lang['SPAM_DENIED'];
		}
		// END Anti-Spam ACP]]></action>
		</edit>
    </open>
	<open src="includes/ucp/ucp_profile.php">
		<edit>
			<find><![CDATA[					if (!check_form_key('ucp_profile_info'))
					{
						$error[] = 'FORM_INVALID';
					}]]></find>
			<action type="after-add"><![CDATA[					// START Anti-Spam ACP
					antispam::ucp_profile($data, $error);
					// END Anti-Spam ACP]]></action>
		</edit>
		<edit>
			<find><![CDATA[// Get additional profile fields and assign them to the template block var 'profile_fields']]></find>
			<action type="before-add"><![CDATA[				// START Anti-Spam ACP
				antispam::ucp_profile_display();
				// END Anti-Spam ACP]]></action>
		</edit>
		<edit>
			<find><![CDATA[add_form_key('ucp_sig');]]></find>
			<action type="after-add"><![CDATA[				// START Anti-Spam ACP
				antispam::ucp_signature($signature, $error);
				// END Anti-Spam ACP]]></action>
		</edit>
    </open>
	<open src="includes/ucp/ucp_register.php">
		<edit>
			<find><![CDATA[include($phpbb_root_path . 'includes/functions_profile_fields.' . $phpEx);]]></find>
			<action type="after-add"><![CDATA[		// START Anti-Spam ACP
		$asacp_hidden = antispam::ucp_register();
		if ($asacp_hidden === false)
		{
			$this->tpl_name = 'antispam/ucp_register';
			return;
		}
		// END Anti-Spam ACP]]></action>
		</edit>
		<edit>
			<find><![CDATA[$s_hidden_fields = ($confirm_id) ? array('confirm_id' => $confirm_id) : array();]]></find>
			<action type="after-add"><![CDATA[			// START Anti-Spam ACP
			$s_hidden_fields = array_merge($s_hidden_fields, $asacp_hidden);
			// END Anti-Spam ACP]]></action>
		</edit>
		<edit>
			<find><![CDATA[						if (strcasecmp($row['code'], $data['confirm_code']) === 0)
						{
							$sql = 'DELETE FROM ' . CONFIRM_TABLE . "
								WHERE confirm_id = '" . $db->sql_escape($confirm_id) . "'
									AND session_id = '" . $db->sql_escape($user->session_id) . "'
									AND confirm_type = " . CONFIRM_REG;
							$db->sql_query($sql);
						}
						else
						{]]></find>
			<action type="after-add"><![CDATA[							// START Anti-Spam ACP
							antispam::add_log('LOG_INCORRECT_CODE', array($row['code'], $data['confirm_code']));
							// END Anti-Spam ACP]]></action>
		</edit>
		<edit>
			<find><![CDATA[$s_hidden_fields = build_hidden_fields($s_hidden_fields);]]></find>
			<action type="before-add"><![CDATA[		// START Anti-Spam ACP
		$s_hidden_fields = array_merge($s_hidden_fields, $asacp_hidden);
		// END Anti-Spam ACP]]></action>
		</edit>
    </open>
	<open src="styles/prosilver/template/overall_footer.html">
		<edit>
			<find><![CDATA[<!-- IF U_ACP --><br /><strong><a href="{U_ACP}">{L_ACP}</a></strong><!-- ENDIF -->]]></find>
			<action type="before-add"><![CDATA[		<br />{L_ASACP_CREDITS}]]></action>
		</edit>
    </open>
	<open src="styles/prosilver/template/ucp_profile_profile_info.html">
		<edit>
			<find><![CDATA[	<dl>
		<dt><label for="icq">{L_UCP_ICQ}:</label></dt>
		<dd><input type="text" name="icq" id="icq" maxlength="15" value="{ICQ}" class="inputbox" /></dd>
	</dl>]]></find>
			<action type="before-add"><![CDATA[	<!-- IF not S_ICQ_DISABLED -->]]></action>
			<action type="after-add"><![CDATA[	<!-- ENDIF -->]]></action>
		</edit>
		<edit>
			<find><![CDATA[<dt><label for="icq">{L_UCP_ICQ}:</label></dt>]]></find>
			<inline-edit>
				<inline-find><![CDATA[:]]></inline-find>
				<inline-action type="after-add"><![CDATA[<!-- IF S_ICQ_REQUIRED --> *<!-- ENDIF -->]]></inline-action>
			</inline-edit>
		</edit>
		<edit>
			<find><![CDATA[	<dl>
		<dt><label for="aim">{L_UCP_AIM}:</label></dt>
		<dd><input type="text" name="aim" id="aim" maxlength="255" value="{AIM}" class="inputbox" /></dd>
	</dl>]]></find>
			<action type="before-add"><![CDATA[	<!-- IF not S_AIM_DISABLED -->]]></action>
			<action type="after-add"><![CDATA[	<!-- ENDIF -->]]></action>
		</edit>
		<edit>
			<find><![CDATA[<dt><label for="aim">{L_UCP_AIM}:</label></dt>]]></find>
			<inline-edit>
				<inline-find><![CDATA[:]]></inline-find>
				<inline-action type="after-add"><![CDATA[<!-- IF S_AIM_REQUIRED --> *<!-- ENDIF -->]]></inline-action>
			</inline-edit>
		</edit>
		<edit>
			<find><![CDATA[	<dl>
		<dt><label for="msn">{L_UCP_MSNM}:</label></dt>
		<dd><input type="text" name="msn" id="msn" maxlength="255" value="{MSN}" class="inputbox" /></dd>
	</dl>]]></find>
			<action type="before-add"><![CDATA[	<!-- IF not S_MSN_DISABLED -->]]></action>
			<action type="after-add"><![CDATA[	<!-- ENDIF -->]]></action>
		</edit>
		<edit>
			<find><![CDATA[<dt><label for="msn">{L_UCP_MSNM}:</label></dt>]]></find>
			<inline-edit>
				<inline-find><![CDATA[:]]></inline-find>
				<inline-action type="after-add"><![CDATA[<!-- IF S_MSN_REQUIRED --> *<!-- ENDIF -->]]></inline-action>
			</inline-edit>
		</edit>
		<edit>
			<find><![CDATA[	<dl>
		<dt><label for="yim">{L_UCP_YIM}:</label></dt>
		<dd><input type="text" name="yim" id="yim" maxlength="255" value="{YIM}" class="inputbox" /></dd>
	</dl>]]></find>
			<action type="before-add"><![CDATA[	<!-- IF not S_YIM_DISABLED -->]]></action>
			<action type="after-add"><![CDATA[	<!-- ENDIF -->]]></action>
		</edit>
		<edit>
			<find><![CDATA[<dt><label for="yim">{L_UCP_YIM}:</label></dt>]]></find>
			<inline-edit>
				<inline-find><![CDATA[:]]></inline-find>
				<inline-action type="after-add"><![CDATA[<!-- IF S_YIM_REQUIRED --> *<!-- ENDIF -->]]></inline-action>
			</inline-edit>
		</edit>
		<edit>
			<find><![CDATA[	<dl>
		<dt><label for="jabber">{L_UCP_JABBER}:</label></dt>
		<dd><input type="text" name="jabber" id="jabber" maxlength="255" value="{JABBER}" class="inputbox" /></dd>
	</dl>]]></find>
			<action type="before-add"><![CDATA[	<!-- IF not S_JABBER_DISABLED -->]]></action>
			<action type="after-add"><![CDATA[	<!-- ENDIF -->]]></action>
		</edit>
		<edit>
			<find><![CDATA[<dt><label for="jabber">{L_UCP_JABBER}:</label></dt>]]></find>
			<inline-edit>
				<inline-find><![CDATA[:]]></inline-find>
				<inline-action type="after-add"><![CDATA[<!-- IF S_JABBER_REQUIRED --> *<!-- ENDIF -->]]></inline-action>
			</inline-edit>
		</edit>
		<edit>
			<find><![CDATA[	<dl>
		<dt><label for="website">{L_WEBSITE}:</label></dt>
		<dd><input type="text" name="website" id="website" maxlength="255" value="{WEBSITE}" class="inputbox" /></dd>
	</dl>]]></find>
			<action type="before-add"><![CDATA[	<!-- IF not S_WEBSITE_DISABLED -->]]></action>
			<action type="after-add"><![CDATA[	<!-- ENDIF -->]]></action>
		</edit>
		<edit>
			<find><![CDATA[<dt><label for="website">{L_WEBSITE}:</label></dt>]]></find>
			<inline-edit>
				<inline-find><![CDATA[:]]></inline-find>
				<inline-action type="after-add"><![CDATA[<!-- IF S_WEBSITE_REQUIRED --> *<!-- ENDIF -->]]></inline-action>
			</inline-edit>
		</edit>
		<edit>
			<find><![CDATA[	<dl>
		<dt><label for="location">{L_LOCATION}:</label></dt>
		<dd><input type="text" name="location" id="location" maxlength="255" value="{LOCATION}" class="inputbox" /></dd>
	</dl>]]></find>
			<action type="before-add"><![CDATA[	<!-- IF not S_LOCATION_DISABLED -->]]></action>
			<action type="after-add"><![CDATA[	<!-- ENDIF -->]]></action>
		</edit>
		<edit>
			<find><![CDATA[<dt><label for="location">{L_LOCATION}:</label></dt>]]></find>
			<inline-edit>
				<inline-find><![CDATA[:]]></inline-find>
				<inline-action type="after-add"><![CDATA[<!-- IF S_LOCATION_REQUIRED --> *<!-- ENDIF -->]]></inline-action>
			</inline-edit>
		</edit>
		<edit>
			<find><![CDATA[	<dl>
		<dt><label for="occupation">{L_OCCUPATION}:</label></dt>
		<dd><textarea name="occupation" id="occupation" class="inputbox" rows="3" cols="30">{OCCUPATION}</textarea></dd>
	</dl>]]></find>
			<action type="before-add"><![CDATA[	<!-- IF not S_OCCUPATION_DISABLED -->]]></action>
			<action type="after-add"><![CDATA[	<!-- ENDIF -->]]></action>
		</edit>
		<edit>
			<find><![CDATA[<dt><label for="occupation">{L_OCCUPATION}:</label></dt>]]></find>
			<inline-edit>
				<inline-find><![CDATA[:]]></inline-find>
				<inline-action type="after-add"><![CDATA[<!-- IF S_OCCUPATION_REQUIRED --> *<!-- ENDIF -->]]></inline-action>
			</inline-edit>
		</edit>
		<edit>
			<find><![CDATA[	<dl>
		<dt><label for="interests">{L_INTERESTS}:</label></dt>
		<dd><textarea name="interests" id="interests" class="inputbox" rows="3" cols="30">{INTERESTS}</textarea></dd>
	</dl>]]></find>
			<action type="before-add"><![CDATA[	<!-- IF not S_INTERESTS_DISABLED -->]]></action>
			<action type="after-add"><![CDATA[	<!-- ENDIF -->]]></action>
		</edit>
		<edit>
			<find><![CDATA[<dt><label for="interests">{L_INTERESTS}:</label></dt>]]></find>
			<inline-edit>
				<inline-find><![CDATA[:]]></inline-find>
				<inline-action type="after-add"><![CDATA[<!-- IF S_INTERESTS_REQUIRED --> *<!-- ENDIF -->]]></inline-action>
			</inline-edit>
		</edit>
    </open>
	<open src="styles/prosilver/template/ucp_profile_signature.html">
		<edit>
			<find><![CDATA[<p>{L_SIGNATURE_EXPLAIN}</p>]]></find>
			<action type="before-add"><![CDATA[<!-- IF not S_SIGNATURE_DISABLED -->]]></action>
		</edit>
		<edit>
			<find><![CDATA[</fieldset>]]></find>
			<action type="after-add"><![CDATA[<!-- ELSE -->
	<p class="error">{L_SIGNATURE_DISABLED}</p>
<!-- ENDIF -->]]></action>
		</edit>
    </open>
	<open src="common.php">
		<edit>
			<find><![CDATA[?>]]></find>
			<action type="before-add"><![CDATA[// START Anti-Spam ACP
require($phpbb_root_path . 'includes/antispam/asacp.' . $phpEx);
// END Anti-Spam ACP]]></action>
		</edit>
    </open>
	<open src="posting.php">
		<edit>
			<find><![CDATA[// Store message, sync counters]]></find>
			<action type="before-add"><![CDATA[	// START Anti-Spam ACP
	$sc_title = (empty($post_data['topic_title'])) ? $post_data['post_subject'] : $post_data['topic_title'];
	if ($config['asacp_spam_words_posting_action'] && antispam::spam_words(array($sc_title, $message_parser->message)))
	{
		switch ($config['asacp_spam_words_posting_action'])
		{
			case 1 :
				antispam::add_log('LOG_SPAM_POST_DENIED', array($sc_title, $message_parser->message));
				$error[] = $user->lang['SPAM_DENIED'];
			break;

			case 2 :
				$config['enable_queue_trigger'] = true;
				$config['queue_trigger_posts'] = $user->data['user_posts'] + 1;
			break;
		}
	}
	// END Anti-Spam ACP]]></action>
		</edit>
    </open>
	<diy-instructions lang="en">Add the ACP modules.

Configure the Anti-Spam Settings in the ACP->.MODS->Anti-Spam</diy-instructions>
</action-group>
</mod>