<?xml version="1.0" encoding="utf-8" standalone="yes"?>
<?xml-stylesheet type="text/xsl" href="modx.prosilver.en.xsl"?>
<!--For security purposes, please check: http://www.phpbb.com/mods/ for the latest version of this MOD. Although MODs are checked before being allowed in the MODs Database there is no guarantee that there are no security problems within the MOD. No support will be given for MODs not found within the MODs Database which can be found at http://www.phpbb.com/mods/-->
<mod xmlns:xsi="http://www.w3.org/2001/XMLSchema-instance" xmlns="http://www.phpbb.com/mods/xml/modx-1.0.xsd">
	<header>
		<license>http://opensource.org/licenses/gpl-license.php GNU General Public License v2</license>
		<title lang="en-gb">Soft Delete</title>
		<description lang="en-gb"><![CDATA[Changes the current hard delete scheme to all soft deleting for posts and topics.
Also includes the option to undelete posts and topics after they have been soft deleted.
New permissions give the option to allow administrators and/or moderators to hard delete posts/topics after they have already been soft deleted.]]></description>
		<author-notes lang="en-gb"><![CDATA[Please report any bugs/problems at my website: http://www.lithiumstudios.org
		
Soft deleting of Private Messages is not included in this modification.]]></author-notes>
		<author-group>
			<author>
				<realname>Nathan Guse</realname>
				<email>exreaction@lithiumstudios.org</email>
				<username>EXreaction</username>
				<homepage>http://www.lithiumstudios.org</homepage>
				<contributions />
			</author>
		</author-group>
		<mod-version>
			<major>0</major>
			<minor>9</minor>
			<revision>0</revision>
		</mod-version>
		<installation>
			<level>hard</level>
			<time>1100</time>
			<target-version>
				<target-primary>3.0.RC7</target-primary>
				<target-major allow="exact">3</target-major>
				<target-minor allow="exact">0</target-minor>
			</target-version>
		</installation>
		<history>
			<entry>
				<date>2007-10-20</date>
				<rev-version>
					<major>0</major>
					<minor>9</minor>
					<revision>0</revision>
				</rev-version>
				<changelog lang="en-gb">
					<change>RC1.</change>
				</changelog>
			</entry>
		</history>
	</header>
  <action-group>
    <sql>ALTER TABLE phpbb_posts ADD post_deleted MEDIUMINT( 8 ) UNSIGNED NOT NULL DEFAULT '0',
ADD post_deleted_time INT( 11 ) UNSIGNED NOT NULL DEFAULT '0';

ALTER TABLE phpbb_topics ADD topic_deleted MEDIUMINT( 8 ) UNSIGNED NOT NULL DEFAULT '0',
ADD topic_deleted_time INT( 11 ) UNSIGNED NOT NULL DEFAULT '0',
ADD topic_deleted_reply_count MEDIUMINT( 8 ) UNSIGNED NOT NULL DEFAULT '0';

ALTER TABLE phpbb_forums ADD forum_deleted_topic_count MEDIUMINT( 8 ) UNSIGNED NOT NULL DEFAULT '0',
ADD forum_deleted_reply_count MEDIUMINT( 8 ) UNSIGNED NOT NULL DEFAULT '0';

INSERT INTO phpbb_acl_options (auth_option , is_global , is_local , founder_only) VALUES ('m_harddelete', '1', '1', '0');
INSERT INTO phpbb_acl_options (auth_option , is_global , is_local , founder_only) VALUES ('a_harddelete', '1', '0', '0');</sql>
    <copy>
      <file from="root/includes/mods/index.htm" to="includes/mods/index.htm" />
      <file from="root/includes/mods/soft_delete.php" to="includes/mods/soft_delete.php" />
      <file from="root/includes/mods/soft_delete_class.php" to="includes/mods/soft_delete_class.php" />
      <file from="root/styles/prosilver/template/mods/soft_delete.js" to="styles/prosilver/template/mods/soft_delete.js" />
    </copy>
    <open src="includes/mcp/mcp_forum.php">
      <edit>
        <find><![CDATA[foreach ($topic_rows as $topic_id => $row)
{]]></find>
        <action type="before-add">include("{$phpbb_root_path}includes/mods/soft_delete.$phpEx");</action>
        <action type="after-add">soft_delete_update_reply_count($row);</action>
      </edit>
      <edit>
        <find>'S_UNREAD_TOPIC'</find>
        <action type="after-add"><![CDATA['S_TOPIC_DELETED' => $row['topic_deleted'],]]></action>
      </edit>
      <edit>
        <find>move_posts($post_id_list, $to_topic_id);
add_log('mod', $to_forum_id, $to_topic_id, 'LOG_MERGE', $topic_data['topic_title']);</find>
        <action type="before-add">include("{$phpbb_root_path}includes/mods/soft_delete.$phpEx");
mcp_merge_topics($topic_ids, $to_topic_id, $to_forum_id);</action>
      </edit>
    </open>
    <open src="includes/mcp/mcp_main.php">
      <edit>
        <find>// Here we limit the operation to one forum only
$forum_id = check_ids($topic_ids, TOPICS_TABLE, 'topic_id', array('m_move'), true);</find>
        <action type="before-add">include("{$phpbb_root_path}includes/mods/soft_delete.$phpEx");
mcp_move_topics($topic_ids);</action>
      </edit>
      <edit>
        <find>if (!check_ids($topic_ids, TOPICS_TABLE, 'topic_id', array('m_delete')))
{
return;
}</find>
        <action type="after-add">include("{$phpbb_root_path}includes/mods/soft_delete.$phpEx");
mcp_delete_topics($topic_ids);</action>
      </edit>
      <edit>
        <find>if (!check_ids($post_ids, POSTS_TABLE, 'post_id', array('m_delete')))
{
return;
}</find>
        <action type="after-add">include("{$phpbb_root_path}includes/mods/soft_delete.$phpEx");
mcp_delete_posts($post_ids);</action>
      </edit>
      <edit>
        <find>if (!check_ids($topic_ids, TOPICS_TABLE, 'topic_id', array('m_')))
{
return;
}</find>
        <action type="after-add">include("{$phpbb_root_path}includes/mods/soft_delete.$phpEx");
mcp_fork_topics($topic_ids);</action>
      </edit>
    </open>
    <open src="includes/mcp/mcp_topic.php">
      <edit>
        <find>$topic_info = $topic_info[$topic_id];</find>
        <action type="after-add">include("{$phpbb_root_path}includes/mods/soft_delete.$phpEx");
soft_delete_update_reply_count($topic_info);</action>
      </edit>
      <edit>
        <find>'S_HAS_ATTACHMENTS'</find>
        <action type="after-add"><![CDATA['S_POST_DELETED' => ($row['post_deleted'] == 0) ? false : true,]]></action>
      </edit>
      <edit>
        <find>$success_msg = 'TOPIC_SPLIT_SUCCESS';</find>
        <action type="before-add">include("{$phpbb_root_path}includes/mods/soft_delete.$phpEx");
mcp_split_merge_posts_helper($topic_id, $to_topic_id);</action>
      </edit>
      <edit>
        <find>// Message and return links
$success_msg = 'POSTS_MERGED_SUCCESS';</find>
        <action type="before-add">include("{$phpbb_root_path}includes/mods/soft_delete.$phpEx");
mcp_split_merge_posts_helper($topic_id, $to_topic_id);</action>
      </edit>
    </open>
    <open src="includes/functions_display.php">
      <edit>
        <find><![CDATA[while ($row = $db->sql_fetchrow($result))
{
	$forum_id = $row['forum_id'];]]></find>
        <action type="after-add">include("{$phpbb_root_path}includes/mods/soft_delete.$phpEx");
soft_delete_update_topic_post_count($row);</action>
      </edit>
    </open>
    <open src="language/en/acp/permissions_phpbb.php">
      <edit>
        <find>'acl_f_delete'</find>
        <inline-edit>
          <inline-find>'Can delete own posts'</inline-find>
          <inline-action type="replace-with">'Can soft delete own posts'</inline-action>
        </inline-edit>
      </edit>
      <edit>
        <find>'acl_m_delete'</find>
        <inline-edit>
          <inline-find>'Can delete posts'</inline-find>
          <inline-action type="replace-with">'Can soft delete posts'</inline-action>
        </inline-edit>
        <action type="after-add"><![CDATA['acl_m_harddelete' => array('lang' => 'Can hard delete posts', 'cat' => 'post_actions'),]]></action>
      </edit>
      <edit>
        <find>'acl_a_attach'</find>
        <action type="after-add"><![CDATA['acl_a_harddelete' => array('lang' => 'Can hard delete posts', 'cat' => 'posting'),]]></action>
      </edit>
    </open>
    <open src="language/en/common.php">
      <edit>
        <find><![CDATA[?>]]></find>
        <action type="before-add"><![CDATA[$lang = array_merge($lang, array(
'NOT_ALLOWED_HARD_DELETE' => 'All the posts or topics you have selected to deleted are already soft deleted and you do not have permission to hard delete posts or topics.',

'DELETED_POST_SHOW' => 'This post has been soft deleted.  Click here to show the post.',
'POST_NOT_DELETED' => 'The selected post is not deleted.',
'POST_IS_DELETED' => 'This post was soft deleted by %1$s on %2$s. Click %3$shere%4$s to un-delete this post.',
'TOPIC_SOFT_DELETED' => 'This topic has been deleted.',
'POST_SHOW_NO_JS' => 'You must have Javascript enabled to display this message.',

'SOFT_DELETE_MESSAGE' => 'Soft Delete Message',
'SOFT_DELETE_MESSAGE_CONFIRM' => 'Are you sure you want to soft delete this message?',

'UNDELETE_POST' => 'Undelete Post',
'UNDELETE_POST_CONFIRM' => 'Are you sure you want to undelete this post?',

'HARD_DELETE_MESSAGE' => 'Delete Message',
'HARD_DELETE_MESSAGE_CONFIRM' => 'Are you sure you want to permanently delete this post?  This can not be un-done.',

'LOG_SOFT_DELETE_POST' => '<strong>Soft deleted post</strong><br />?? %s',
'LOG_SOFT_DELETE_TOPIC' => '<strong>Soft deleted topic</strong><br />?? %s',
'LOG_UNDELETE_POST' => '<strong>Undeleted post</strong><br />?? %s',
'LOG_UNDELETE_TOPIC' => '<strong>Undeleted topic</strong><br />?? %s',
'LOG_HARD_DELETE_POST' => '<strong>Deleted post</strong><br />?? %s',
'LOG_HARD_DELETE_TOPIC' => '<strong>Deleted topic</strong><br />?? %s',

'POST_SOFT_DELETE_SUCCESS' => 'The post has been soft deleted successfully.',
'POST_UNDELETE_SUCCESS' => 'The post has been undeleted successfully.',
'POST_HARD_DELETE_SUCCESS' => 'The post has been hard deleted successfully.',

'TOPIC_SOFT_DELETE_SUCCESS' => 'The topic has been soft deleted successfully.',
'TOPIC_UNDELETE_SUCCESS' => 'The topic has been undeleted successfully.',
'TOPIC_HARD_DELETE_SUCCESS' => 'The topic has been hard deleted successfully.',
'TOPICS_MCP_DELETE_SUCCESS' => 'The topics have been deleted successfully.',

'CLICK_RETURN_POST' => '%sClick here to return to the post%s',
'CLICK_RETURN_TOPIC' => '%sClick here to return to the topic%s',
'CLICK_RETURN_FORUM' => '%sClick here to return to the forum%s',
));]]></action>
      </edit>
    </open>
    <open src="styles/prosilver/template/mcp_forum.html">
      <edit>
        <find><![CDATA[<li class="row<!-- IF topicrow.S_ROW_COUNT is odd -->]]></find>
        <inline-edit>
          <inline-find><![CDATA[<!-- ENDIF -->"]]></inline-find>
          <inline-action type="after-add"><![CDATA[ <!-- IF topicrow.S_TOPIC_DELETED -->style="background-color: #33FF00;"<!-- ENDIF -->]]></inline-action>
        </inline-edit>
      </edit>
    </open>
    <open src="styles/prosilver/template/mcp_topic.html">
      <edit>
        <find><![CDATA[<div class="post <!-- IF postrow.S_ROW_COUNT is odd -->]]></find>
        <inline-edit>
          <inline-find><![CDATA[<!-- ENDIF -->"]]></inline-find>
          <inline-action type="after-add"><![CDATA[ <!-- IF postrow.S_POST_DELETED -->style="background-color: #33FF00;"<!-- ENDIF -->]]></inline-action>
        </inline-edit>
      </edit>
    </open>
    <open src="styles/prosilver/template/viewforum_body.html">
      <edit>
        <find><![CDATA[<li class="row]]></find>
        <inline-edit>
          <inline-find><![CDATA[<!-- IF topicrow.S_TOPIC_REPORTED --> reported<!-- ENDIF -->"]]></inline-find>
          <inline-action type="after-add"><![CDATA[<!-- IF topicrow.S_TOPIC_DELETED --> style="background-color: #33FF00;"<!-- ENDIF -->]]></inline-action>
        </inline-edit>
      </edit>
    </open>
    <open src="styles/prosilver/template/viewtopic_body.html">
      <edit>
        <find><![CDATA[<!-- IF postrow.S_FIRST_UNREAD --><a id="unread"></a><!-- ENDIF -->]]></find>
        <action type="after-add"><![CDATA[<!-- IF postrow.S_POST_DELETED-->

<div id="d{postrow.POST_ID}" class="post" style="background-color: #33FF00;">
<div class="inner"><span class="corners-top"><span></span></span>
<div class="postbody" style="width: 100%;">
<div style="text-align: center;">
<a href="#none" onClick="toggleDiv('p{postrow.POST_ID}'); toggleDiv('d{postrow.POST_ID}');">{L_DELETED_POST_SHOW}</a>
<noscript><br/>{L_POST_SHOW_NO_JS}</noscript>
</div>
</div>
<div class="back2top"><a href="#wrap" class="top" title="{L_BACK_TO_TOP}">{L_BACK_TO_TOP}</a></div>
<span class="corners-bottom"><span></span></span></div>
</div>
<!-- ENDIF -->]]></action>
      </edit>
      <edit>
        <find><![CDATA[<div id="p{postrow.POST_ID}"]]></find>
        <inline-edit>
          <inline-find><![CDATA[<!-- IF postrow.S_ONLINE --> online<!-- ENDIF -->"]]></inline-find>
          <inline-action type="after-add"><![CDATA[<!-- IF postrow.S_POST_DELETED --> style="background-color: #33FF00; display: none;"<!-- ENDIF -->]]></inline-action>
        </inline-edit>
      </edit>
	  <edit>
        <find><![CDATA[<!-- IF postrow.BUMPED_MESSAGE --><div class="notice">{postrow.BUMPED_MESSAGE}</div><!-- ENDIF -->]]></find>
        <action type="before-add"><![CDATA[<!-- IF postrow.S_POST_DELETED --><div class="notice">{postrow.DELETED_MESSAGE}<br/></div><!-- ENDIF -->]]></action>
      </edit>
    </open>
    <open src="posting.php">
      <edit>
        <find>// We need to know some basic information in all cases before we do anything.</find>
        <action type="before-add">include("{$phpbb_root_path}includes/mods/soft_delete.$phpEx");
if ($mode == 'undelete')
{
handle_undelete($post_id);
}
else if ($mode == 'delete')
{
handle_delete($post_id);
}</action>
      </edit>
    </open>
    <open src="viewforum.php">
      <edit>
        <find><![CDATA[" . (($auth->acl_get('m_approve', $forum_id)) ? '' : 'AND topic_approved = 1');]]></find>
        <action type="replace-with"><![CDATA[" . (($auth->acl_get('m_approve', $forum_id)) ? '' : 'AND topic_approved = 1') .
(($auth->acl_gets('a_harddelete') || $auth->acl_get('m_harddelete', $topic_data['forum_id']) || $auth->acl_get('m_delete', $topic_data['forum_id'])) ? '' : (($auth->acl_get('f_delete', $topic_data['forum_id'])) ? " AND (topic_deleted = '0' OR topic_deleted = '{$user->data['user_id']}')" : " AND topic_deleted = '0'"));]]></action>
      </edit>
      <edit>
        <find><![CDATA[$topics_count = ($auth->acl_get('m_approve', $forum_id)) ? $forum_data['forum_topics_real'] : $forum_data['forum_topics'];]]></find>
        <action type="before-add">include("{$phpbb_root_path}includes/mods/soft_delete.$phpEx");
soft_delete_update_topic_count($forum_data);</action>
      </edit>
      <edit>
        <find><![CDATA[// Replies
$replies = ($auth->acl_get('m_approve', $forum_id)) ? $row['topic_replies_real'] : $row['topic_replies'];]]></find>
        <action type="before-add">if ($sort_days) // if not, the file is already included
{
include("{$phpbb_root_path}includes/mods/soft_delete.$phpEx");
}
soft_delete_update_reply_count($row, false);
if (isset($row['soft_deleted_error']))
{
continue;
}</action>
      </edit>
      <edit>
        <find>'S_TOPIC_TYPE_SWITCH'</find>
        <action type="before-add"><![CDATA['S_TOPIC_DELETED' => (($row['topic_deleted'] != 0) ? true : false),]]></action>
      </edit>
    </open>
    <open src="viewtopic.php">
      <edit>
        <find>// This is for determining where we are (page)</find>
        <action type="before-add">include("{$phpbb_root_path}includes/mods/soft_delete.$phpEx");
soft_delete_update_reply_count($topic_data);</action>
      </edit>
      <edit>
        <find><![CDATA[" . (($auth->acl_get('m_approve', $forum_id)) ? '' : 'AND post_approved = 1');]]></find>
        <action type="replace-with"><![CDATA[" . (($auth->acl_get('m_approve', $forum_id)) ? '' : 'AND post_approved = 1') .
(($auth->acl_gets('a_harddelete') || $auth->acl_get('m_harddelete', $forum_id) || $auth->acl_get('m_delete', $forum_id)) ? '' : (($auth->acl_get('f_delete', $forum_id)) ? " AND (post_deleted = '0' OR post_deleted = '{$user->data['user_id']}')" : " AND post_deleted = '0'"));]]></action>
      </edit>
      <edit>
        <find><![CDATA[$topic_mod .= ($auth->acl_get('m_delete', $forum_id))]]></find>
        <inline-edit>
          <inline-find><![CDATA[$auth->acl_get('m_delete', $forum_id)]]></inline-find>
          <inline-action type="replace-with"><![CDATA[$auth->acl_gets('a_harddelete') || $auth->acl_get('m_harddelete', $forum_id) || $auth->acl_get('m_delete', $forum_id)]]></inline-action>
        </inline-edit>
      </edit>
      <edit>
        <find>AND u.user_id = p.poster_id'</find>
        <action type="replace-with"><![CDATA[AND (u.user_id = p.poster_id)' .
(($auth->acl_gets('a_harddelete') || $auth->acl_get('m_harddelete', $forum_id) || $auth->acl_get('m_delete', $forum_id)) ? '' : (($auth->acl_get('f_delete', $forum_id)) ? " AND (p.post_deleted = '0' OR p.post_deleted = '{$user->data['user_id']}')" : " AND p.post_deleted = '0'"))]]></action>
      </edit>
      <edit>
        <find><![CDATA['post_edit_user' => $row['post_edit_user'],]]></find>
        <action type="after-add"><![CDATA['post_deleted' => $row['post_deleted'],
'post_deleted_time' => $row['post_deleted_time'],]]></action>
      </edit>
      <edit>
        <find>// Load custom profile fields</find>
        <action type="before-add">get_soft_delete_users($rowset, $user_cache);</action>
      </edit>
      <edit>
        <find>'U_DELETE'</find>
        <inline-edit>
          <inline-find><![CDATA[((($user->data['user_id']]]></inline-find>
          <inline-action type="before-add"><![CDATA[(]]></inline-action>
        </inline-edit>
        <inline-edit>
          <inline-find><![CDATA[? append_sid("{$phpbb_root_path}]]></inline-find>
          <inline-action type="before-add"><![CDATA[&& ($row['post_deleted'] == 0 || ($auth->acl_get('a_harddelete') || $auth->acl_get('m_harddelete') || $auth->acl_get('m_harddelete', $forum_id)))) ]]></inline-action>
        </inline-edit>
	  </edit>
      <edit>
        <find>'L_IGNORE_POST'</find>
        <action type="after-add"><![CDATA['S_POST_DELETED' => ($row['post_deleted'] == 0) ? false : true,
'DELETED_MESSAGE' => ($row['post_deleted'] == 0) ? '' : sprintf($user->lang['POST_IS_DELETED'], get_username_string('full', $row['post_deleted'], $user_cache[$row['post_deleted']]['username'], $user_cache[$row['post_deleted']]['user_colour']), $user->format_date($row['post_deleted_time']), '<a href="' . append_sid("{$phpbb_root_path}posting.$phpEx", "mode=undelete&amp;p={$row['post_id']}") . '">', '</a>'),]]></action>
      </edit>
    </open>
    <diy-instructions lang="en"><![CDATA[Clear phpBB3's Cache, then you may set the new Administrative permission (to allow hard deleting of posts for administrators and moderators).]]></diy-instructions>
  </action-group>
</mod>