﻿<?xml version="1.0" encoding="utf-8" standalone="yes" ?>
<?xml-stylesheet type="text/xsl" href="../../modx.prosilver.en.xsl"?>
<!--For security purposes, please check: http://www.phpbb.com/mods/ for the latest version of this MOD. Although MODs are checked before being allowed in the MODs Database there is no guarantee that there are no security problems within the MOD. No support will be given for MODs not found within the MODs Database which can be found at http://www.phpbb.com/mods/-->
<mod xmlns:xsi="http://www.w3.org/2001/XMLSchema-instance" xmlns="http://www.phpbb.com/mods/xml/modx-1.2.0.xsd">
<header>
	<license>http://opensource.org/licenses/gpl-license.php GNU General Public License v2</license>
	<title lang="en">User Blog Mod</title>
	<description lang="en">Adds Blogs to a phpBB3 board.</description>

	<author-notes lang="en">PHP versions less than 5.1.0 are NOT supported.
Support will only be given at my website - http://www.lithiumstudios.org.</author-notes>

	<author-group>
		<author>
			<username>EXreaction</username>
			<realname>Nathan Guse</realname>
			<homepage>http://www.lithiumstudios.org/</homepage>
			<email>exreaction@lithiumstidos.org</email>
		</author>
	</author-group>

	<mod-version>1.0.5</mod-version>

	<installation>
		<level>easy</level>
		<time>60</time>
		<target-version>3.0.2</target-version>
	</installation>
</header>

<action-group>
	<copy>
		<file from="root/*.*" to="*.*" />
	</copy>
	<open src="includes/acp/acp_styles.php">
		<edit>
			<find>				$sql = 'UPDATE ' . FORUMS_TABLE . "
					SET forum_style = $new_id
					WHERE forum_style = $style_id";
				$db->sql_query($sql);</find>
			<action type="after-add">				// Start User Blog Mod ----------------------
				global $phpEx;
				include("{$phpbb_root_path}blog/includes/functions_admin.$phpEx");
				blog_remove_style($style_id, $new_id);
				// End User Blog Mod ------------------------</action>
		</edit>
	</open>
	<open src="styles/prosilver/template/overall_footer.html">
		<edit>
			<comment lang="en">Do this for all prosilver based styles.</comment>
			<find><![CDATA[<!-- IF TRANSLATION_INFO --><br />{TRANSLATION_INFO}<!-- ENDIF -->]]></find>
			<action type="after-add"><![CDATA[		<!-- IF BLOG_CREDITS --><br />{BLOG_CREDITS}<!-- ENDIF -->]]></action>
		</edit>
	</open>
	<diy-instructions lang="en">Go to yoursite/blog.php?page=update in your web browser to update the database.

Because of the bug in previous versions of EAMI that were used to install the modules, the left and right id's for your modules are likely messed up.
To fix this, go to this page and follow the instructions on how to run the script (and run it for your board):
http://www.lithiumstudios.org/forum/viewtopic.php?f=9&amp;t=691</diy-instructions>
</action-group>
</mod>