<?xml version="1.0" encoding="utf-8" standalone="yes" ?>
<?xml-stylesheet type="text/xsl" href="modx.prosilver.en.xsl"?>
<!--For security purposes, please check: http://www.phpbb.com/mods/ for the latest version of this MOD. Although MODs are checked before being allowed in the MODs Database there is no guarantee that there are no security problems within the MOD. No support will be given for MODs not found within the MODs Database which can be found at http://www.phpbb.com/mods/-->
<mod xmlns:xsi="http://www.w3.org/2001/XMLSchema-instance" xmlns="http://www.phpbb.com/mods/xml/modx-1.2.5.xsd">
<header>
	<license>http://opensource.org/licenses/gpl-license.php GNU General Public License v2</license>
	<title lang="en">Anti-Spam ACP</title>
	<description lang="en">Prevents spam on your phpBB3 forum.</description>

	<author-notes lang="en">PHP versions less than 5.1.0 are not supported.  phpBB versions less than 3.0.3 are not supported.

Support by the author is only provided at http://www.lithiumstudios.org
A small fee is required for support by the author unless otherwise specified by the author in the release topic.
Bug reports are accepted and, if confirmed as a bug, you will receive support for fixing the bug for free by the mod author.</author-notes>

	<author-group>
		<author>
			<username>EXreaction</username>
			<realname>Nathan Guse</realname>
			<homepage>http://www.lithiumstudios.org/</homepage>
			<email>exreaction@lithiumstudios.org</email>
		</author>
	</author-group>

	<mod-version>1.0.0</mod-version>

	<installation>
		<level>easy</level>
		<time>120</time>
		<target-version>3.0.4</target-version>
	</installation>
</header>

<action-group>
	<copy>
		<file from="root/*.*" to="*.*" />
	</copy>
	<open src="includes/ucp/ucp_register.php">
		<edit>
			<find><![CDATA[			// START Anti-Spam ACP
			$s_hidden_fields = array_merge($s_hidden_fields, $asacp_hidden);
			// END Anti-Spam ACP]]></find>
			<action type="replace-with"><![CDATA[			// START Anti-Spam ACP
			$s_hidden_fields = array_merge($s_hidden_fields, $asacp_hidden);
			$asacp_coppa_url = '';
			foreach ($asacp_hidden as $name => $value)
			{
				$asacp_coppa_url .= "&amp;$name=$value";
			}
			// END Anti-Spam ACP]]></action>
		</edit>
		<edit>
			<find><![CDATA[					'U_COPPA_NO'		=> append_sid("{$phpbb_root_path}ucp.$phpEx", 'mode=register&amp;coppa=0' . $add_lang),
					'U_COPPA_YES'		=> append_sid("{$phpbb_root_path}ucp.$phpEx", 'mode=register&amp;coppa=1' . $add_lang),]]></find>
			<action type="replace-with"><![CDATA[					'U_COPPA_NO'		=> append_sid("{$phpbb_root_path}ucp.$phpEx", 'mode=register&amp;coppa=0' . $add_lang . $asacp_coppa_url),
					'U_COPPA_YES'		=> append_sid("{$phpbb_root_path}ucp.$phpEx", 'mode=register&amp;coppa=1' . $add_lang . $asacp_coppa_url),]]></action>
		</edit>
		<edit>
			<find><![CDATA[			// START Anti-Spam ACP
			antispam::ucp_register($data, $error, $wrong_confirm);
			// END Anti-Spam ACP]]></find>
			<action type="replace-with"><![CDATA[			// START Anti-Spam ACP
			$data['captcha_code'] = (isset($row['code'])) ? $row['code'] : '';
			antispam::ucp_register($data, $error, $wrong_confirm);
			// END Anti-Spam ACP]]></action>
		</edit>
	</open>
</action-group>
</mod>