<?xml version="1.0" encoding="UTF-8" standalone="yes"?>
<?xml-stylesheet type="text/xsl" href="modx.prosilver.en.xsl"?>
<!--NOTICE: Please open this file in your web browser. If presented with a security warning, you may safely tell it to allow the blocked content.-->
<!--For security purposes, please check: http://www.phpbb.com/mods/ for the latest version of this MOD.\nAlthough MODs are checked before being allowed in the MODs Database there is no guarantee that there are no security problems within the MOD.\nNo support will be given for MODs not found within the MODs Database which can be found at http://www.phpbb.com/mods/-->
<mod xmlns:xsi="http://www.w3.org/2001/XMLSchema-instance" xmlns="http://www.phpbb.com/mods/xml/modx-1.2.5.xsd">
	<header>
		<meta name="generator" content="MODX file generated with PP MODX Creator by tumba25 (online version)"/>
		<license><![CDATA[http://opensource.org/licenses/gpl-license.php GNU General Public License v2]]></license>
		<title lang="en"><![CDATA[phpBB Tracker]]></title>
		<description lang="en"><![CDATA[Full tracker add-on for phpBB 3.0.x]]></description>
		<author-notes lang="en"><![CDATA[This MOD requires a minimum PHP version of 5.0.0.]]></author-notes>
		<author-group>
			<author>
				<realname><![CDATA[J. Russo]]></realname>
				<username><![CDATA[JRSweets]]></username>
				<homepage><![CDATA[http://www.jeffrusso.net]]></homepage>
				<email><![CDATA[jrsweets@gmail.com]]></email>
			</author>
			<author>
				<realname><![CDATA[Igor Wiedler]]></realname>
				<username><![CDATA[evil<3]]></username>
				<homepage><![CDATA[http://phpbbmodders.net]]></homepage>
				<email><![CDATA[evil3@phpbb.com]]></email>
			</author>
		</author-group>
		<mod-version>0.4.0</mod-version>
		<installation>
			<level>easy</level>
			<time>480</time>
			<target-version>3.0.0</target-version>
		</installation>
		<history>
			<entry>
				<date>2008-03-04</date>
				<rev-version>0.1.0</rev-version>
				<changelog lang="en">
					<change><![CDATA[Initial Beta Release]]></change>
				</changelog>
			</entry>
			<entry>
				<date>2008-03-17</date>
				<rev-version>0.1.1</rev-version>
				<changelog lang="en">
					<change><![CDATA[Added management options to ticket reply]]></change>
					<change><![CDATA[Added attachement form to subsilver2 templates]]></change>
					<change><![CDATA[Added htmlspecialchars_decode() for emails]]></change>
					<change><![CDATA[Added check to block blank entries in ACP]]></change>
					<change><![CDATA[Added visual update to search box]]></change>
					<change><![CDATA[Fixed bug viewing all users tickets]]></change>
					<change><![CDATA[Fixed bug with sort order for statistics]]></change>
					<change><![CDATA[Fixed bug with pagination while sorting/filtering tickets]]></change>
					<change><![CDATA[Fixed bug removing attachments for posts when deleting]]></change>
					<change><![CDATA[Fixed bug with language variables when viewing statistics]]></change>
					<change><![CDATA[Fixed bug with installation script and updating from older versions]]></change>
					<change><![CDATA[Fixed bug causing tracker link to appear in viewonline breadcrumbs/nav links]]></change>
					<change><![CDATA[Increased size of ticket and post description]]></change>
				</changelog>
			</entry>
			<entry>
				<date>2008-03-18</date>
				<rev-version>0.1.2</rev-version>
				<changelog lang="en">
					<change><![CDATA[Added group support to "Show tickets assigned to me"]]></change>
					<change><![CDATA[Fixed bug causing missing column in project table]]></change>
					<change><![CDATA[Fixed bug with missing htmlspecialchars_decode in email subject]]></change>
					<change><![CDATA[Fixed various bugs with installer/updater]]></change>
				</changelog>
			</entry>
			<entry>
				<date>2009-01-14</date>
				<rev-version>0.2.0</rev-version>
				<changelog lang="en">
					<change><![CDATA[Added new issue buttons to prosilver and subsilver2]]></change>
					<change><![CDATA[Added ability to enable/disable versions]]></change>
					<change><![CDATA[Added ticket and project subscriptions]]></change>
					<change><![CDATA[Added ability to set security tickets]]></change>
					<change><![CDATA[Fixed many style related bugs]]></change>
					<change><![CDATA[Updated modx to version 1.2.1]]></change>
					<change><![CDATA[Updated installation script]]></change>
					<change><![CDATA[Updated minimum PHP version to 5.0.0.]]></change>
				</changelog>
			</entry>
			<entry>
				<date>2009-01-23</date>
				<rev-version>0.3.0</rev-version>
				<changelog lang="en">
					<change><![CDATA[Fixed subscription emails]]></change>
					<change><![CDATA[Fixed various style issues]]></change>
				</changelog>
			</entry>
			<entry>
				<date>2011-06-19</date>
				<rev-version>0.4.0</rev-version>
				<changelog lang="en">
					<change><![CDATA[modx 1.2.5]]></change>
				</changelog>
			</entry>
		</history>
	</header>
	<action-group>
		<copy>
			<file from="root/styles/prosilver/template/tracker/*.*" to="styles/prosilver/template/tracker/"/>
			<file from="root/styles/prosilver/imageset/en/button_issue_new.gif" to="styles/prosilver/imageset/en/button_issue_new.gif"/>
			<file from="root/styles/subsilver2/template/tracker/*.*" to="styles/subsilver2/template/tracker/*.*"/>
			<file from="root/styles/subsilver2/imageset/en/button_issue_new.gif" to="styles/subsilver2/imageset/en/button_issue_new.gif"/>
			<file from="root/tracker.php" to="tracker.php"/>
			<file from="root/adm/style/acp_tracker.html" to="adm/style/acp_tracker.html"/>
			<file from="root/install/*.*" to="install/*.*"/>
			<file from="root/install/schemas/*.*" to="install/schemas/"/>
			<file from="root/includes/acp/acp_tracker.php" to="includes/acp/acp_tracker.php"/>
			<file from="root/includes/acp/info/acp_tracker.php" to="includes/acp/info/acp_tracker.php"/>
			<file from="root/tracker/*.*" to="tracker/*.*"/>
			<file from="root/language/en/email/tracker_notify.txt" to="language/en/email/tracker_notify.txt"/>
			<file from="root/language/en/email/tracker_notify_comment.txt" to="language/en/email/tracker_notify_comment.txt"/>
			<file from="root/language/en/email/tracker_notify_watch.txt" to="language/en/email/tracker_notify_watch.txt"/>
			<file from="root/language/en/email/tracker_notify_status_double.txt" to="language/en/email/tracker_notify_status_double.txt"/>
			<file from="root/language/en/email/tracker_notify_status_single.txt" to="language/en/email/tracker_notify_status_single.txt"/>
			<file from="root/language/en/mods/permissions_tracker.php" to="language/en/mods/permissions_tracker.php"/>
			<file from="root/language/en/mods/tracker.php" to="language/en/mods/tracker.php"/>
			<file from="root/language/en/mods/tracker_install.php" to="language/en/mods/tracker_install.php"/>
			<file from="root/language/en/mods/info_acp_tracker.php" to="language/en/mods/info_acp_tracker.php"/>
			<file from="root/files/tracker/index.htm" to="files/tracker/index.htm"/>
		</copy>
		<diy-instructions lang="en"><![CDATA[Run the included installer at http://yoursite.com/phpBB/install/index.php and select the option to update to latest version.
Once done make sure to remove install folder from your server and then purge the cache and refresh your styles templates, themes and imageset.]]></diy-instructions>
	</action-group>
</mod>
