﻿<?xml version="1.0" encoding="utf-8" standalone="yes" ?>
<?xml-stylesheet type="text/xsl" href="modx.prosilver.en.xsl"?>
<!--For security purposes, please check: http://www.phpbb.com/mods/ for the latest version of this MOD. Although MODs are checked before being allowed in the MODs Database there is no guarantee that there are no security problems within the MOD. No support will be given for MODs not found within the MODs Database which can be found at http://www.phpbb.com/mods/-->
<mod xmlns:xsi="http://www.w3.org/2001/XMLSchema-instance" xmlns="http://www.phpbb.com/mods/xml/modx-1.2.1.xsd">
<header>
	<license>http://opensource.org/licenses/gpl-license.php GNU General Public License v2</license>
	<title lang="en">One Click Ban</title>
	<description lang="en">Adds a script to one click ban a user.  Along with banning you can have it automatically move the user to a certain group, delete their posts, delete their avatar, signature, and profile information.</description>

	<author-notes lang="en">You can configure the script by editing the adm/ocban.php file.

Only administrators will be able to OC Ban users.

Support by the author is only provided at http://www.lithiumstudios.org
A small fee is required for support by the author unless otherwise specified by the author in the release topic.
Bug reports are accepted and, if confirmed as a bug, you will receive support for fixing the bug for free by the mod author.</author-notes>

	<author-group>
		<author>
			<username>EXreaction</username>
			<realname>Nathan Guse</realname>
			<homepage>http://www.lithiumstudios.org/</homepage>
			<email>exreaction@lithiumstidos.org</email>
		</author>
	</author-group>

	<mod-version>1.0.2</mod-version>

	<installation>
		<level>easy</level>
		<time>60</time>
		<target-version>3.0.4</target-version>
	</installation>
</header>

<action-group>
	<open src="styles/subsilver2/template/memberlist_view.html">
		<edit>
			<find><![CDATA[<!-- IF U_SWITCH_PERMISSIONS -->]]></find>
			<action type="before-add"><![CDATA[			<!-- IF U_USER_OCBAN -->
				<tr>
					<td class="genmed" align="center">[ <a href="{U_USER_OCBAN}">{L_USER_OCBAN}</a> ]</td>
				</tr>
			<!-- ENDIF -->]]></action>
		</edit>
	</open>
</action-group>
</mod>